timestamp,cluster_2701,cluster_2702,cluster_2704,cluster_2706,total_vehicles_2701,total_vehicles_2702,total_vehicles_2704,total_vehicles_2706,vehicles_per_mpx_2701,vehicles_per_mpx_2702,vehicles_per_mpx_2704,vehicles_per_mpx_2706
2025-10-15 06:04:00,1.0,1.0,1.0,1.0,25.0,8.0,2.0,1.0,0.1467,0.015,0.0077,0.005
2025-10-15 06:44:00,0.0,1.0,1.0,1.0,36.0,20.0,1.0,18.0,0.2338,0.0576,0.0008,0.0749
2025-10-15 07:04:00,0.0,1.0,1.0,0.0,44.0,20.0,3.0,26.0,0.3297,0.0505,0.0348,0.2032
2025-10-15 07:44:00,0.0,0.0,1.0,0.0,31.0,39.0,7.0,30.0,0.2619,0.1312,0.0111,0.2346
2025-10-15 21:39:00,3.0,0.0,3.0,3.0,18.0,45.0,3.0,9.0,0.1183,0.0982,0.0265,0.0322
2025-10-15 21:44:00,3.0,0.0,3.0,3.0,12.0,36.0,5.0,1.0,0.0264,0.0944,0.0812,0.0076
2025-10-15 21:49:00,3.0,0.0,3.0,3.0,18.0,39.0,3.0,5.0,0.0702,0.0995,0.0495,0.0568
2025-10-15 22:14:00,0.0,0.0,3.0,3.0,38.0,36.0,3.0,6.0,0.1796,0.1048,0.0068,0.0507
2025-10-15 22:54:00,0.0,0.0,3.0,3.0,47.0,42.0,3.0,3.0,0.1404,0.0821,0.0408,0.0535
2025-10-15 23:14:00,0.0,3.0,3.0,3.0,49.0,26.0,3.0,8.0,0.1669,0.0677,0.0296,0.0758
2025-10-15 23:29:00,3.0,0.0,3.0,3.0,6.0,38.0,4.0,4.0,0.0243,0.0848,0.0149,0.019
2025-10-15 23:39:00,3.0,0.0,3.0,3.0,10.0,42.0,3.0,2.0,0.0552,0.1011,0.0723,0.056
2025-10-15 23:49:00,3.0,3.0,3.0,3.0,5.0,34.0,6.0,2.0,0.0138,0.0835,0.049,0.0413
2025-10-15 23:54:00,3.0,0.0,3.0,3.0,0.0,36.0,2.0,0.0,0.0,0.0954,0.0097,0.0
2025-10-16 04:54:00,1.0,1.0,1.0,1.0,12.0,1.0,1.0,2.0,0.1051,0.0017,0.0007,0.0486
2025-10-16 04:59:00,1.0,1.0,1.0,1.0,11.0,5.0,0.0,0.0,0.0523,0.0336,0.0,0.0
2025-10-16 05:04:00,1.0,1.0,1.0,1.0,9.0,10.0,5.0,1.0,0.0319,0.051,0.0312,0.0301
2025-10-16 05:09:00,1.0,1.0,1.0,1.0,9.0,5.0,1.0,2.0,0.0669,0.0135,0.0007,0.0304
2025-10-16 05:14:00,1.0,1.0,1.0,1.0,2.0,9.0,3.0,6.0,0.005,0.0311,0.024,0.0494
2025-10-16 05:19:00,1.0,1.0,1.0,1.0,12.0,9.0,2.0,2.0,0.0449,0.0287,0.0225,0.0125
2025-10-16 05:24:00,1.0,1.0,1.0,1.0,14.0,7.0,1.0,0.0,0.0501,0.0223,0.0006,0.0
2025-10-16 05:29:00,1.0,1.0,1.0,1.0,19.0,17.0,0.0,1.0,0.1069,0.0572,0.0,0.0168
2025-10-16 05:34:00,0.0,1.0,1.0,1.0,18.0,8.0,2.0,1.0,0.1838,0.0163,0.0015,0.0012
2025-10-16 05:39:00,0.0,1.0,1.0,1.0,25.0,16.0,1.0,2.0,0.1593,0.0664,0.0276,0.0146
2025-10-16 05:49:00,0.0,1.0,1.0,1.0,31.0,14.0,5.0,3.0,0.3053,0.0459,0.0522,0.0536
2025-10-16 05:59:00,0.0,1.0,1.0,1.0,27.0,15.0,0.0,3.0,0.1866,0.0569,0.0,0.0474
2025-10-16 06:09:00,0.0,1.0,1.0,1.0,25.0,9.0,1.0,0.0,0.1708,0.0543,0.0798,0.0
2025-10-16 06:14:00,0.0,1.0,1.0,1.0,36.0,10.0,3.0,5.0,0.2005,0.0547,0.035,0.0437
2025-10-16 06:24:00,0.0,1.0,1.0,1.0,23.0,9.0,7.0,3.0,0.225,0.0308,0.151,0.0261
2025-10-16 06:29:00,0.0,1.0,1.0,1.0,25.0,17.0,5.0,10.0,0.2349,0.0621,0.0298,0.0692
2025-10-16 06:34:00,0.0,1.0,1.0,1.0,38.0,15.0,3.0,5.0,0.2455,0.0309,0.0035,0.0308
2025-10-16 06:39:00,0.0,1.0,1.0,0.0,33.0,14.0,2.0,24.0,0.2779,0.0567,0.0083,0.166
2025-10-16 06:44:00,0.0,1.0,1.0,0.0,31.0,24.0,3.0,26.0,0.287,0.101,0.0007,0.1866
2025-10-16 06:49:00,0.0,1.0,1.0,1.0,40.0,23.0,3.0,24.0,0.429,0.0894,0.0038,0.0856
2025-10-16 06:54:00,0.0,1.0,1.0,0.0,54.0,15.0,3.0,27.0,0.372,0.0412,0.1061,0.1359
2025-10-16 06:59:00,0.0,1.0,1.0,0.0,44.0,13.0,1.0,24.0,0.3314,0.0257,0.0006,0.1772
2025-10-16 07:04:00,0.0,1.0,1.0,0.0,49.0,16.0,4.0,38.0,0.3434,0.0516,0.046,0.1341
2025-10-16 07:09:00,0.0,1.0,1.0,0.0,59.0,16.0,8.0,31.0,0.3634,0.0506,0.0626,0.1909
2025-10-16 07:14:00,0.0,1.0,1.0,1.0,53.0,18.0,7.0,26.0,0.4829,0.0547,0.0446,0.1158
2025-10-16 07:19:00,0.0,1.0,1.0,0.0,53.0,18.0,4.0,34.0,0.4611,0.0339,0.0401,0.2308
2025-10-16 07:24:00,0.0,1.0,1.0,1.0,49.0,11.0,8.0,25.0,0.3296,0.0344,0.2302,0.0762
2025-10-16 07:29:00,0.0,0.0,1.0,0.0,42.0,28.0,7.0,30.0,0.3402,0.1583,0.027,0.1103
2025-10-16 07:35:00,0.0,0.0,1.0,0.0,56.0,31.0,9.0,26.0,0.3528,0.1678,0.1036,0.1821
2025-10-16 07:39:00,0.0,0.0,1.0,0.0,54.0,29.0,9.0,46.0,0.3758,0.1103,0.0876,0.2099
2025-10-16 07:44:00,0.0,0.0,1.0,0.0,45.0,35.0,7.0,35.0,0.3198,0.1165,0.0473,0.1612
2025-10-16 07:49:00,0.0,0.0,1.0,0.0,50.0,30.0,2.0,31.0,0.3398,0.1156,0.0052,0.1487
2025-10-16 08:29:00,0.0,1.0,1.0,0.0,43.0,27.0,5.0,34.0,0.3668,0.0726,0.0212,0.185
2025-10-16 08:54:00,0.0,0.0,1.0,0.0,48.0,49.0,8.0,28.0,0.3164,0.1072,0.0215,0.2209
2025-10-16 08:59:00,0.0,0.0,0.0,0.0,55.0,42.0,4.0,37.0,0.352,0.1152,0.3448,0.2279
2025-10-16 09:04:00,0.0,0.0,1.0,0.0,43.0,56.0,3.0,29.0,0.3514,0.1482,0.0096,0.221
2025-10-16 09:09:00,0.0,0.0,1.0,0.0,45.0,54.0,0.0,27.0,0.3421,0.1453,0.0,0.3229
2025-10-16 09:14:00,0.0,0.0,1.0,0.0,55.0,48.0,2.0,32.0,0.4124,0.118,0.0217,0.1992
2025-10-16 09:19:00,0.0,0.0,1.0,0.0,51.0,48.0,4.0,30.0,0.4132,0.0967,0.0561,0.2116
2025-10-16 09:24:00,0.0,0.0,1.0,0.0,35.0,38.0,7.0,27.0,0.4313,0.0859,0.0435,0.1698
2025-10-16 09:29:00,0.0,0.0,1.0,0.0,41.0,61.0,12.0,34.0,0.3538,0.1597,0.044,0.169
2025-10-16 09:34:00,0.0,0.0,1.0,0.0,27.0,39.0,3.0,29.0,0.2603,0.1293,0.0097,0.2407
2025-10-16 09:39:00,0.0,0.0,1.0,1.0,23.0,37.0,3.0,19.0,0.2728,0.0725,0.0083,0.1233
2025-10-16 09:44:00,0.0,0.0,1.0,0.0,36.0,47.0,3.0,38.0,0.2927,0.1498,0.0041,0.171
2025-10-16 09:49:00,0.0,0.0,1.0,0.0,35.0,55.0,4.0,21.0,0.3256,0.149,0.1134,0.1477
2025-10-16 09:54:00,0.0,0.0,1.0,1.0,52.0,52.0,3.0,17.0,0.3246,0.0899,0.004,0.1114
2025-10-16 09:59:00,0.0,0.0,1.0,1.0,28.0,42.0,3.0,25.0,0.3919,0.0869,0.0036,0.0952
2025-10-16 10:04:00,0.0,0.0,1.0,0.0,20.0,53.0,4.0,22.0,0.2487,0.0976,0.0152,0.141
2025-10-16 10:09:00,0.0,0.0,1.0,1.0,28.0,49.0,10.0,21.0,0.2645,0.0995,0.0875,0.1034
2025-10-16 10:14:00,0.0,0.0,1.0,0.0,26.0,34.0,5.0,27.0,0.3234,0.0531,0.009,0.2199
2025-10-16 10:24:00,0.0,0.0,1.0,0.0,33.0,42.0,5.0,26.0,0.3174,0.0816,0.0506,0.1356
2025-10-16 10:29:00,0.0,0.0,1.0,1.0,29.0,48.0,4.0,25.0,0.285,0.1425,0.0053,0.0895
2025-10-16 10:34:00,0.0,0.0,1.0,1.0,27.0,34.0,8.0,17.0,0.3432,0.0734,0.0504,0.0843
2025-10-16 10:39:00,0.0,0.0,1.0,0.0,35.0,39.0,8.0,22.0,0.3053,0.1292,0.0458,0.1313
2025-10-16 10:44:00,0.0,0.0,1.0,1.0,32.0,35.0,5.0,22.0,0.3091,0.0663,0.0307,0.1106
2025-10-16 10:49:00,0.0,0.0,1.0,0.0,31.0,48.0,7.0,24.0,0.3205,0.1099,0.0127,0.1167
2025-10-16 10:54:00,0.0,0.0,1.0,0.0,49.0,49.0,4.0,29.0,0.3365,0.1152,0.0784,0.111
2025-10-16 10:59:00,0.0,0.0,1.0,1.0,49.0,51.0,5.0,16.0,0.2908,0.1223,0.0072,0.1191
2025-10-16 11:04:00,0.0,0.0,1.0,0.0,63.0,42.0,4.0,24.0,0.3858,0.1193,0.0119,0.1299
2025-10-16 11:09:00,0.0,0.0,1.0,0.0,53.0,42.0,1.0,27.0,0.3496,0.0953,0.0014,0.1618
2025-10-16 11:14:00,0.0,0.0,1.0,1.0,65.0,46.0,0.0,13.0,0.4607,0.1172,0.0,0.1215
2025-10-16 11:31:00,0.0,0.0,1.0,1.0,58.0,46.0,6.0,16.0,0.3481,0.1248,0.0557,0.1226
2025-10-16 11:59:00,0.0,0.0,1.0,1.0,28.0,69.0,2.0,22.0,0.3906,0.1615,0.0024,0.1085
2025-10-16 12:04:00,0.0,0.0,1.0,1.0,26.0,49.0,1.0,15.0,0.3015,0.1147,0.001,0.0976
2025-10-16 12:09:00,0.0,0.0,1.0,0.0,17.0,53.0,4.0,26.0,0.3375,0.1352,0.0116,0.0994
2025-10-16 12:14:00,0.0,0.0,1.0,0.0,18.0,32.0,4.0,33.0,0.293,0.0701,0.0894,0.1575
2025-10-16 12:29:00,0.0,0.0,1.0,0.0,35.0,47.0,2.0,30.0,0.3812,0.114,0.003,0.092
2025-10-16 12:34:00,0.0,1.0,1.0,0.0,38.0,25.0,3.0,26.0,0.3935,0.061,0.0416,0.145
2025-10-16 12:39:00,0.0,0.0,1.0,0.0,30.0,37.0,2.0,22.0,0.3048,0.1319,0.012,0.1119
2025-10-16 12:44:00,0.0,0.0,1.0,0.0,26.0,37.0,6.0,20.0,0.3265,0.1061,0.0085,0.1517
2025-10-16 12:49:00,0.0,0.0,1.0,1.0,26.0,33.0,3.0,21.0,0.3173,0.1017,0.0064,0.0866
2025-10-16 12:59:00,0.0,0.0,1.0,1.0,21.0,44.0,8.0,19.0,0.3209,0.1918,0.0139,0.1108
2025-10-16 13:04:00,0.0,0.0,1.0,0.0,31.0,39.0,4.0,22.0,0.4244,0.1335,0.0231,0.0988
2025-10-16 13:09:00,0.0,0.0,1.0,0.0,26.0,44.0,8.0,24.0,0.3607,0.1277,0.0983,0.113
2025-10-16 13:14:00,0.0,0.0,1.0,1.0,26.0,51.0,4.0,16.0,0.3173,0.1578,0.0095,0.0424
2025-10-16 13:19:00,0.0,0.0,1.0,1.0,27.0,43.0,3.0,23.0,0.2863,0.1359,0.0032,0.0705
2025-10-16 13:24:00,0.0,0.0,1.0,0.0,14.0,51.0,7.0,32.0,0.1382,0.1187,0.0169,0.0922
2025-10-16 13:29:00,1.0,0.0,1.0,0.0,0.0,54.0,8.0,31.0,0.0,0.1417,0.0714,0.1916
2025-10-16 13:34:00,1.0,0.0,1.0,0.0,0.0,37.0,1.0,23.0,0.0,0.1244,0.0032,0.128
2025-10-16 13:39:00,1.0,0.0,1.0,1.0,5.0,41.0,0.0,12.0,0.0699,0.0959,0.0,0.1473
2025-10-16 13:44:00,1.0,0.0,0.0,0.0,6.0,27.0,4.0,20.0,0.0663,0.1101,0.3905,0.2109
2025-10-16 13:49:00,1.0,1.0,1.0,1.0,1.0,4.0,9.0,9.0,0.0001,0.0196,0.0703,0.045
2025-10-16 13:54:00,1.0,0.0,1.0,1.0,0.0,27.0,3.0,5.0,0.0,0.0713,0.0035,0.0839
2025-10-16 13:59:00,1.0,1.0,1.0,0.0,13.0,21.0,4.0,27.0,0.1008,0.0818,0.009,0.1993
2025-10-16 14:04:00,0.0,0.0,1.0,0.0,37.0,26.0,3.0,18.0,0.2548,0.0545,0.0134,0.1275
2025-10-16 14:09:00,0.0,0.0,1.0,1.0,43.0,24.0,3.0,15.0,0.2925,0.0732,0.1859,0.1102
2025-10-16 14:14:00,1.0,0.0,0.0,1.0,7.0,37.0,6.0,6.0,0.1603,0.1165,0.1964,0.0214
2025-10-16 14:19:00,0.0,0.0,1.0,1.0,13.0,45.0,5.0,17.0,0.1649,0.1261,0.027,0.1017
2025-10-16 14:29:00,0.0,0.0,1.0,0.0,13.0,44.0,6.0,27.0,0.1546,0.1631,0.0759,0.149
2025-10-16 14:34:00,0.0,0.0,1.0,0.0,33.0,49.0,10.0,24.0,0.3204,0.1325,0.0168,0.1709
2025-10-16 14:44:00,0.0,0.0,1.0,0.0,15.0,39.0,7.0,33.0,0.2531,0.1126,0.0185,0.1376
2025-10-16 14:49:00,0.0,0.0,1.0,0.0,44.0,42.0,3.0,28.0,0.2623,0.1114,0.0476,0.1574
2025-10-16 14:54:00,0.0,0.0,1.0,0.0,24.0,51.0,4.0,31.0,0.2806,0.1025,0.023,0.129
2025-10-16 14:59:00,0.0,0.0,1.0,0.0,14.0,44.0,5.0,29.0,0.2142,0.1125,0.0555,0.1266
2025-10-16 15:04:00,0.0,0.0,1.0,0.0,23.0,38.0,3.0,30.0,0.2666,0.1072,0.0278,0.2073
2025-10-16 15:09:00,0.0,0.0,1.0,0.0,37.0,36.0,3.0,28.0,0.3022,0.0918,0.0553,0.078
2025-10-16 15:19:00,0.0,0.0,1.0,0.0,28.0,36.0,3.0,30.0,0.3498,0.0966,0.0081,0.1315
2025-10-16 15:24:00,0.0,0.0,1.0,0.0,23.0,44.0,12.0,21.0,0.3368,0.0856,0.0431,0.0872
2025-10-16 15:34:00,0.0,0.0,1.0,0.0,19.0,37.0,7.0,24.0,0.2826,0.0959,0.0546,0.1608
2025-10-16 15:44:00,0.0,0.0,0.0,0.0,41.0,42.0,18.0,35.0,0.3893,0.1377,0.1314,0.2109
2025-10-16 15:49:00,0.0,0.0,1.0,0.0,50.0,41.0,17.0,34.0,0.3815,0.0971,0.0722,0.1551
2025-10-16 15:54:00,0.0,0.0,1.0,0.0,47.0,36.0,14.0,34.0,0.3335,0.0917,0.0803,0.1281
2025-10-16 16:04:00,0.0,0.0,1.0,0.0,56.0,44.0,10.0,27.0,0.3224,0.1143,0.0414,0.1769
2025-10-16 16:09:00,0.0,0.0,1.0,0.0,65.0,42.0,15.0,37.0,0.4088,0.0932,0.0583,0.1614
2025-10-16 16:14:00,0.0,0.0,1.0,0.0,30.0,57.0,13.0,26.0,0.33,0.1314,0.0778,0.1319
2025-10-16 16:19:00,0.0,0.0,1.0,0.0,31.0,49.0,10.0,32.0,0.3255,0.1168,0.0474,0.1943
2025-10-16 16:24:00,0.0,0.0,1.0,0.0,28.0,55.0,17.0,31.0,0.2707,0.111,0.0648,0.0843
2025-10-16 16:49:00,0.0,0.0,1.0,0.0,24.0,62.0,14.0,30.0,0.3231,0.1601,0.0712,0.2313
2025-10-16 16:54:00,0.0,0.0,1.0,0.0,42.0,40.0,6.0,37.0,0.3542,0.0978,0.0414,0.1923
2025-10-16 16:59:00,0.0,0.0,1.0,0.0,34.0,37.0,6.0,31.0,0.3136,0.1,0.0126,0.1428
2025-10-16 17:04:00,0.0,0.0,3.0,0.0,36.0,38.0,11.0,20.0,0.2993,0.091,0.0245,0.0874
2025-10-16 17:09:00,0.0,0.0,3.0,0.0,42.0,38.0,13.0,29.0,0.3373,0.0839,0.0646,0.1014
2025-10-16 17:14:00,0.0,0.0,0.0,0.0,38.0,30.0,25.0,26.0,0.3686,0.0801,0.0982,0.0801
2025-10-16 17:19:00,0.0,0.0,0.0,0.0,41.0,40.0,25.0,37.0,0.3651,0.0938,0.0807,0.231
2025-10-16 17:24:00,0.0,0.0,3.0,0.0,30.0,39.0,24.0,35.0,0.264,0.1092,0.0307,0.1572
2025-10-16 17:29:00,0.0,0.0,0.0,0.0,40.0,35.0,27.0,36.0,0.2424,0.0909,0.0411,0.1397
2025-10-16 17:34:00,0.0,0.0,3.0,0.0,36.0,41.0,24.0,35.0,0.2642,0.1104,0.0293,0.1417
2025-10-16 17:39:00,0.0,0.0,0.0,0.0,39.0,38.0,33.0,38.0,0.2873,0.0992,0.0636,0.2137
2025-10-16 17:44:00,0.0,0.0,0.0,0.0,49.0,36.0,35.0,33.0,0.2871,0.0981,0.1132,0.1989
2025-10-16 17:49:00,0.0,0.0,0.0,0.0,42.0,34.0,37.0,36.0,0.337,0.0886,0.1431,0.1555
2025-10-16 17:54:00,0.0,0.0,0.0,0.0,47.0,37.0,47.0,29.0,0.3423,0.1286,0.0964,0.1452
2025-10-16 17:59:00,0.0,0.0,0.0,0.0,49.0,34.0,34.0,37.0,0.3406,0.0938,0.0861,0.2361
2025-10-16 18:04:00,0.0,0.0,0.0,0.0,49.0,34.0,37.0,37.0,0.3776,0.0797,0.1473,0.2116
2025-10-16 18:09:00,0.0,0.0,0.0,0.0,48.0,44.0,55.0,34.0,0.3354,0.1079,0.0763,0.1715
2025-10-16 18:14:00,0.0,0.0,0.0,0.0,31.0,31.0,54.0,36.0,0.3433,0.0833,0.1717,0.2087
2025-10-16 18:19:00,0.0,0.0,0.0,0.0,36.0,38.0,70.0,38.0,0.2379,0.1474,0.3306,0.218
2025-10-16 18:24:00,0.0,0.0,0.0,0.0,37.0,38.0,67.0,40.0,0.2684,0.0848,0.4725,0.2191
2025-10-16 18:29:00,0.0,0.0,0.0,0.0,36.0,37.0,64.0,37.0,0.2664,0.1362,0.4703,0.1217
2025-10-16 18:34:00,0.0,0.0,0.0,0.0,54.0,43.0,60.0,38.0,0.315,0.1174,0.2541,0.1789
2025-10-16 18:39:00,0.0,0.0,0.0,0.0,43.0,38.0,46.0,32.0,0.2927,0.1486,0.35,0.1773
2025-10-16 18:44:00,0.0,0.0,0.0,0.0,42.0,48.0,58.0,36.0,0.2786,0.1249,0.3117,0.1869
2025-10-16 18:49:00,0.0,0.0,0.0,0.0,47.0,37.0,31.0,30.0,0.2494,0.1191,0.3195,0.0777
2025-10-16 18:54:00,0.0,0.0,0.0,0.0,42.0,32.0,40.0,26.0,0.279,0.0838,0.2049,0.0643
2025-10-16 18:59:00,0.0,0.0,0.0,0.0,37.0,32.0,33.0,24.0,0.1844,0.108,0.1738,0.1361
2025-10-16 19:04:00,0.0,0.0,0.0,0.0,42.0,26.0,32.0,24.0,0.2175,0.0852,0.2283,0.1286
2025-10-16 19:14:00,3.0,0.0,0.0,0.0,13.0,26.0,33.0,20.0,0.0637,0.0906,0.1668,0.1225
2025-10-16 19:19:00,0.0,3.0,0.0,3.0,19.0,24.0,35.0,10.0,0.1478,0.0646,0.2515,0.0769
2025-10-16 19:24:00,0.0,0.0,0.0,3.0,20.0,25.0,28.0,10.0,0.1234,0.0901,0.1811,0.1504
2025-10-16 19:29:00,0.0,3.0,0.0,3.0,30.0,21.0,35.0,8.0,0.1498,0.0739,0.258,0.058
2025-10-16 19:34:00,3.0,3.0,0.0,3.0,11.0,20.0,29.0,8.0,0.0559,0.0627,0.1903,0.1025
2025-10-16 19:39:00,3.0,0.0,0.0,3.0,15.0,32.0,38.0,8.0,0.0824,0.0754,0.3613,0.0418
2025-10-16 19:44:00,0.0,3.0,0.0,3.0,23.0,23.0,33.0,7.0,0.1543,0.0674,0.3242,0.0457
2025-10-16 19:49:00,0.0,0.0,0.0,3.0,29.0,28.0,33.0,12.0,0.1758,0.0795,0.41,0.0954
2025-10-16 19:54:00,0.0,0.0,0.0,3.0,40.0,29.0,37.0,8.0,0.1842,0.0769,0.3275,0.0506
2025-10-16 19:59:00,0.0,0.0,0.0,3.0,38.0,26.0,41.0,5.0,0.1825,0.1022,0.4128,0.0507
2025-10-16 20:04:00,0.0,3.0,0.0,3.0,36.0,25.0,34.0,10.0,0.1954,0.0753,0.3972,0.0545
2025-10-16 20:09:00,0.0,0.0,0.0,3.0,38.0,27.0,41.0,1.0,0.2439,0.1161,0.4032,0.0053
2025-10-16 20:14:00,0.0,3.0,0.0,3.0,27.0,18.0,44.0,4.0,0.1216,0.0642,0.4484,0.0162
2025-10-16 20:19:00,0.0,3.0,0.0,3.0,40.0,22.0,34.0,5.0,0.2148,0.0742,0.3368,0.0412
2025-10-16 20:24:00,0.0,3.0,0.0,3.0,34.0,25.0,26.0,4.0,0.1622,0.0959,0.156,0.0386
2025-10-16 20:29:00,0.0,3.0,0.0,3.0,41.0,26.0,25.0,7.0,0.2452,0.0745,0.3041,0.1412
2025-10-16 20:34:00,0.0,3.0,0.0,3.0,40.0,14.0,23.0,6.0,0.1924,0.0479,0.2634,0.0606
2025-10-16 20:39:00,0.0,0.0,0.0,3.0,29.0,26.0,23.0,3.0,0.1209,0.1193,0.2786,0.0837
2025-10-16 20:44:00,0.0,3.0,0.0,3.0,43.0,15.0,19.0,6.0,0.2226,0.0705,0.2874,0.0483
2025-10-16 20:49:00,0.0,3.0,0.0,3.0,41.0,20.0,25.0,8.0,0.2402,0.1087,0.2809,0.0441
2025-10-16 20:54:00,0.0,3.0,3.0,3.0,41.0,26.0,10.0,6.0,0.2113,0.073,0.1477,0.0316
2025-10-16 20:59:00,0.0,3.0,0.0,3.0,38.0,22.0,20.0,7.0,0.1946,0.1127,0.2588,0.0403
2025-10-16 21:04:00,0.0,3.0,3.0,3.0,31.0,10.0,12.0,2.0,0.2735,0.0247,0.0843,0.0182
2025-10-16 21:09:00,0.0,3.0,3.0,3.0,46.0,23.0,2.0,10.0,0.2494,0.0737,0.004,0.0544
2025-10-16 21:14:00,0.0,3.0,3.0,3.0,41.0,24.0,10.0,6.0,0.2475,0.0591,0.0466,0.0345
2025-10-16 21:19:00,3.0,3.0,3.0,3.0,16.0,21.0,5.0,8.0,0.1391,0.083,0.0231,0.0882
2025-10-16 21:24:00,0.0,3.0,3.0,3.0,29.0,26.0,7.0,5.0,0.1658,0.0734,0.071,0.03
2025-10-16 21:29:00,0.0,3.0,3.0,3.0,41.0,23.0,8.0,6.0,0.2139,0.0725,0.05,0.0639
2025-10-16 21:34:00,0.0,3.0,3.0,3.0,36.0,22.0,1.0,4.0,0.1457,0.0486,0.005,0.0072
2025-10-16 21:39:00,3.0,0.0,3.0,3.0,21.0,30.0,4.0,5.0,0.0883,0.1023,0.0312,0.1025
2025-10-16 21:44:00,3.0,0.0,3.0,3.0,20.0,35.0,5.0,7.0,0.1246,0.1155,0.0563,0.0835
2025-10-16 21:49:00,3.0,3.0,3.0,3.0,17.0,19.0,6.0,4.0,0.0893,0.086,0.0138,0.0609
2025-10-16 21:54:00,0.0,3.0,3.0,3.0,31.0,20.0,6.0,3.0,0.1089,0.0523,0.0142,0.0177
2025-10-16 21:59:00,0.0,3.0,3.0,3.0,44.0,24.0,6.0,7.0,0.1817,0.1091,0.0272,0.0338
2025-10-16 22:04:00,0.0,3.0,3.0,3.0,46.0,21.0,5.0,11.0,0.1526,0.054,0.0254,0.05
2025-10-16 22:09:00,0.0,0.0,3.0,3.0,60.0,26.0,3.0,3.0,0.2021,0.1176,0.013,0.0232
2025-10-16 22:14:00,0.0,3.0,3.0,3.0,46.0,17.0,1.0,7.0,0.1807,0.0742,0.0028,0.0338
2025-10-16 22:24:00,0.0,3.0,0.0,3.0,49.0,24.0,3.0,3.0,0.1587,0.0673,0.5322,0.048
2025-10-16 22:29:00,0.0,3.0,3.0,3.0,43.0,23.0,6.0,7.0,0.197,0.0926,0.1421,0.0509
2025-10-16 22:34:00,3.0,3.0,3.0,3.0,25.0,23.0,11.0,3.0,0.0814,0.1012,0.0854,0.0907
2025-10-16 22:39:00,0.0,0.0,3.0,3.0,32.0,32.0,10.0,0.0,0.1093,0.0842,0.07,0.0
2025-10-16 22:44:00,3.0,3.0,3.0,3.0,19.0,31.0,4.0,5.0,0.0848,0.0793,0.2117,0.0214
2025-10-16 22:49:00,3.0,3.0,3.0,3.0,14.0,21.0,1.0,5.0,0.0705,0.0866,0.0279,0.0588
2025-10-16 22:54:00,3.0,3.0,3.0,3.0,10.0,32.0,11.0,4.0,0.0321,0.0791,0.0613,0.0308
2025-10-16 22:59:00,3.0,3.0,3.0,3.0,8.0,23.0,4.0,2.0,0.0256,0.061,0.068,0.0091
2025-10-16 23:04:00,3.0,3.0,0.0,3.0,14.0,18.0,5.0,8.0,0.0397,0.0715,0.2957,0.0537
2025-10-16 23:09:00,3.0,3.0,3.0,3.0,11.0,27.0,2.0,0.0,0.0846,0.0756,0.0019,0.0
2025-10-16 23:14:00,3.0,3.0,3.0,3.0,7.0,18.0,1.0,2.0,0.0579,0.0715,0.0011,0.0531
2025-10-16 23:19:00,3.0,0.0,3.0,3.0,13.0,27.0,5.0,0.0,0.0553,0.1095,0.0415,0.0
2025-10-16 23:24:00,3.0,0.0,3.0,3.0,5.0,34.0,3.0,3.0,0.0176,0.1058,0.0107,0.0432
2025-10-16 23:29:00,3.0,0.0,3.0,3.0,9.0,32.0,5.0,2.0,0.0278,0.0868,0.0258,0.0212
2025-10-16 23:34:00,3.0,3.0,3.0,3.0,5.0,28.0,14.0,4.0,0.0254,0.0735,0.0345,0.2239
2025-10-16 23:39:00,3.0,3.0,3.0,3.0,4.0,16.0,3.0,1.0,0.0233,0.0465,0.005,0.0009
2025-10-16 23:44:00,3.0,3.0,3.0,3.0,6.0,28.0,11.0,3.0,0.0276,0.0928,0.0285,0.0055
2025-10-16 23:49:00,3.0,3.0,3.0,3.0,7.0,28.0,4.0,0.0,0.0581,0.0634,0.0861,0.0
2025-10-17 04:54:00,2.0,0.0,2.0,2.0,2.0,34.0,2.0,1.0,0.0056,0.1067,0.0435,0.0037
2025-10-17 04:59:00,0.0,0.0,2.0,2.0,11.0,29.0,4.0,1.0,0.1387,0.077,0.0118,0.0094
2025-10-17 05:04:00,2.0,0.0,2.0,2.0,3.0,34.0,3.0,0.0,0.0117,0.1062,0.0115,0.0
2025-10-17 05:09:00,2.0,0.0,2.0,2.0,8.0,32.0,16.0,2.0,0.048,0.0951,0.0662,0.0597
2025-10-17 05:14:00,2.0,0.0,0.0,2.0,5.0,27.0,12.0,1.0,0.0324,0.0686,0.1767,0.0047
2025-10-17 05:19:00,2.0,0.0,0.0,2.0,3.0,25.0,18.0,1.0,0.0139,0.0678,0.2715,0.0111
2025-10-17 05:24:00,2.0,0.0,0.0,2.0,3.0,25.0,14.0,1.0,0.0337,0.0899,0.1891,0.0007
2025-10-17 05:29:00,2.0,0.0,0.0,2.0,10.0,27.0,15.0,2.0,0.0785,0.0825,0.1794,0.0056
2025-10-17 05:34:00,2.0,0.0,0.0,2.0,8.0,29.0,15.0,0.0,0.0353,0.1016,0.1688,0.0
2025-10-17 05:39:00,2.0,0.0,0.0,2.0,1.0,34.0,14.0,7.0,0.0068,0.1067,0.1425,0.1476
2025-10-17 05:44:00,2.0,0.0,0.0,2.0,7.0,29.0,16.0,2.0,0.0386,0.0809,0.2263,0.0453
2025-10-17 05:49:00,2.0,2.0,0.0,2.0,3.0,16.0,15.0,2.0,0.0149,0.0513,0.1686,0.0113
2025-10-17 05:54:00,2.0,0.0,0.0,2.0,7.0,21.0,16.0,3.0,0.0429,0.1056,0.1917,0.022
2025-10-17 05:59:00,2.0,2.0,0.0,2.0,1.0,17.0,10.0,0.0,0.0027,0.0534,0.1614,0.0
2025-10-17 06:04:00,2.0,2.0,0.0,2.0,5.0,16.0,10.0,0.0,0.0277,0.0529,0.1577,0.0
2025-10-17 06:09:00,2.0,2.0,0.0,2.0,0.0,18.0,15.0,1.0,0.0,0.0601,0.2237,0.0135
2025-10-17 06:14:00,2.0,0.0,2.0,2.0,6.0,25.0,12.0,1.0,0.0325,0.0771,0.0682,0.0054
2025-10-17 06:19:00,2.0,2.0,0.0,2.0,5.0,19.0,11.0,0.0,0.0178,0.0604,0.1769,0.0
2025-10-17 06:24:00,2.0,0.0,0.0,2.0,12.0,28.0,12.0,4.0,0.055,0.0867,0.1624,0.0596
2025-10-17 06:29:00,2.0,0.0,0.0,2.0,1.0,27.0,10.0,0.0,0.0028,0.0875,0.1789,0.0
2025-10-17 06:34:00,2.0,0.0,2.0,2.0,5.0,27.0,2.0,2.0,0.0133,0.0933,0.0054,0.0155
2025-10-17 06:39:00,0.0,0.0,2.0,2.0,24.0,35.0,1.0,9.0,0.1302,0.123,0.001,0.0622
2025-10-17 06:44:00,0.0,0.0,2.0,2.0,17.0,27.0,4.0,8.0,0.1156,0.0626,0.0878,0.0734
2025-10-17 06:49:00,2.0,0.0,2.0,2.0,20.0,31.0,3.0,13.0,0.0808,0.0928,0.0152,0.0898
2025-10-17 06:54:00,0.0,0.0,2.0,2.0,41.0,41.0,5.0,15.0,0.1589,0.1106,0.0146,0.0389
2025-10-17 06:59:00,0.0,0.0,2.0,2.0,49.0,40.0,5.0,15.0,0.1956,0.119,0.0166,0.0905
2025-10-17 07:04:00,0.0,0.0,2.0,2.0,48.0,45.0,6.0,19.0,0.1985,0.1439,0.0456,0.0823
2025-10-17 07:09:00,0.0,0.0,2.0,2.0,42.0,50.0,5.0,10.0,0.1818,0.102,0.0208,0.0748
2025-10-17 07:14:00,0.0,0.0,2.0,2.0,42.0,50.0,4.0,18.0,0.1702,0.1042,0.0094,0.0573
2025-10-17 07:19:00,0.0,0.0,2.0,0.0,49.0,53.0,10.0,23.0,0.1717,0.1133,0.0167,0.0932
2025-10-17 07:24:00,0.0,0.0,2.0,2.0,42.0,49.0,7.0,24.0,0.2032,0.1172,0.0132,0.0598
2025-10-17 07:29:00,0.0,0.0,2.0,0.0,38.0,46.0,13.0,30.0,0.1954,0.1341,0.0353,0.2451
2025-10-17 07:34:00,0.0,0.0,2.0,0.0,39.0,52.0,5.0,31.0,0.1239,0.1449,0.0499,0.2017
2025-10-17 07:39:00,0.0,0.0,2.0,0.0,31.0,48.0,1.0,23.0,0.1343,0.1436,0.0135,0.1
2025-10-17 07:44:00,0.0,0.0,2.0,0.0,42.0,44.0,5.0,27.0,0.1016,0.1329,0.0804,0.1169
2025-10-17 07:49:00,0.0,0.0,2.0,0.0,30.0,50.0,7.0,27.0,0.1155,0.1803,0.0701,0.1101
2025-10-17 07:54:00,0.0,0.0,2.0,0.0,50.0,32.0,11.0,29.0,0.3117,0.1062,0.0174,0.1225
2025-10-17 07:59:00,0.0,0.0,2.0,0.0,59.0,29.0,8.0,27.0,0.3255,0.1213,0.0168,0.1194
2025-10-17 08:04:00,0.0,0.0,2.0,0.0,58.0,43.0,14.0,34.0,0.4734,0.0951,0.0305,0.1362
2025-10-17 08:09:00,0.0,0.0,2.0,0.0,58.0,42.0,0.0,26.0,0.4027,0.0984,0.0,0.1288
2025-10-17 08:14:00,0.0,0.0,2.0,0.0,48.0,43.0,1.0,30.0,0.3325,0.0976,0.0042,0.1083
2025-10-17 08:19:00,0.0,0.0,2.0,0.0,49.0,38.0,12.0,24.0,0.4084,0.1095,0.0172,0.0863
2025-10-17 08:24:00,0.0,0.0,2.0,0.0,55.0,27.0,3.0,32.0,0.4193,0.0602,0.0084,0.1101
2025-10-17 08:29:00,0.0,0.0,2.0,0.0,50.0,50.0,9.0,25.0,0.3815,0.2019,0.0142,0.154
2025-10-17 08:34:00,0.0,0.0,2.0,2.0,60.0,45.0,6.0,21.0,0.434,0.1358,0.0157,0.0643
2025-10-17 08:39:00,0.0,0.0,2.0,0.0,49.0,22.0,4.0,26.0,0.3472,0.1216,0.0082,0.0801
2025-10-17 08:44:00,0.0,0.0,2.0,0.0,40.0,30.0,16.0,32.0,0.4238,0.1325,0.0232,0.1838
2025-10-17 08:49:00,0.0,2.0,2.0,0.0,47.0,27.0,7.0,35.0,0.3319,0.0564,0.0103,0.1907
2025-10-17 08:54:00,0.0,0.0,2.0,0.0,50.0,31.0,8.0,25.0,0.2796,0.1034,0.0523,0.1498
2025-10-17 08:59:00,0.0,0.0,2.0,0.0,41.0,37.0,10.0,27.0,0.2761,0.0966,0.0783,0.1151
2025-10-17 09:04:00,0.0,0.0,2.0,0.0,43.0,41.0,6.0,34.0,0.2622,0.1048,0.0346,0.1964
2025-10-17 09:09:00,0.0,0.0,2.0,0.0,49.0,44.0,4.0,30.0,0.3949,0.1074,0.0059,0.1548
2025-10-17 09:14:00,0.0,0.0,2.0,0.0,37.0,47.0,6.0,37.0,0.3119,0.1324,0.0251,0.1563
2025-10-17 09:19:00,0.0,0.0,0.0,0.0,31.0,49.0,6.0,31.0,0.2926,0.1244,0.2916,0.1555
2025-10-17 09:24:00,0.0,0.0,2.0,0.0,16.0,45.0,2.0,27.0,0.1381,0.1572,0.0015,0.1891
2025-10-17 09:29:00,0.0,0.0,2.0,0.0,29.0,44.0,4.0,27.0,0.2736,0.1167,0.0073,0.2321
2025-10-17 09:34:00,0.0,0.0,2.0,0.0,31.0,47.0,2.0,26.0,0.3507,0.137,0.0041,0.1131
2025-10-17 09:39:00,0.0,0.0,2.0,0.0,26.0,52.0,6.0,23.0,0.2319,0.117,0.0712,0.1526
2025-10-17 09:44:00,0.0,0.0,2.0,0.0,30.0,44.0,7.0,24.0,0.314,0.1364,0.0734,0.13
2025-10-17 09:49:00,0.0,0.0,2.0,0.0,27.0,39.0,5.0,25.0,0.2834,0.1372,0.0511,0.0857
2025-10-17 09:59:00,0.0,0.0,2.0,0.0,21.0,42.0,4.0,24.0,0.2241,0.0977,0.014,0.1316
2025-10-17 10:04:00,0.0,0.0,2.0,0.0,29.0,33.0,4.0,29.0,0.3304,0.0709,0.0202,0.2299
2025-10-17 10:09:00,0.0,0.0,2.0,0.0,21.0,36.0,2.0,30.0,0.3198,0.1073,0.0058,0.1571
2025-10-17 10:19:00,0.0,0.0,2.0,0.0,27.0,20.0,5.0,27.0,0.3504,0.1079,0.0348,0.2016
2025-10-17 10:24:00,0.0,2.0,2.0,0.0,26.0,13.0,2.0,24.0,0.3124,0.0645,0.0188,0.1558
2025-10-17 10:29:00,0.0,0.0,2.0,0.0,17.0,39.0,5.0,22.0,0.248,0.1534,0.0396,0.1088
2025-10-17 10:34:00,0.0,0.0,2.0,0.0,18.0,23.0,2.0,28.0,0.2962,0.1529,0.018,0.1183
2025-10-17 10:39:00,0.0,0.0,2.0,0.0,26.0,30.0,3.0,34.0,0.2897,0.0976,0.0085,0.1782
2025-10-17 10:44:00,0.0,0.0,2.0,0.0,45.0,26.0,11.0,38.0,0.3907,0.1145,0.043,0.1474
2025-10-17 10:49:00,0.0,0.0,2.0,0.0,24.0,27.0,4.0,20.0,0.1746,0.1249,0.0061,0.0921
2025-10-17 10:54:00,2.0,0.0,2.0,0.0,13.0,25.0,7.0,28.0,0.0406,0.1104,0.0109,0.1532
2025-10-17 10:59:00,0.0,0.0,0.0,0.0,18.0,32.0,3.0,31.0,0.1235,0.1327,0.2657,0.1452
2025-10-17 11:04:00,2.0,0.0,2.0,0.0,14.0,29.0,4.0,38.0,0.1086,0.1295,0.017,0.1161
2025-10-17 11:09:00,0.0,0.0,2.0,0.0,16.0,22.0,3.0,30.0,0.1373,0.0743,0.0195,0.1247
2025-10-17 11:14:00,0.0,2.0,2.0,2.0,18.0,15.0,4.0,16.0,0.1999,0.0811,0.0593,0.1019
2025-10-17 11:19:00,0.0,0.0,2.0,0.0,16.0,20.0,7.0,27.0,0.1208,0.1087,0.0065,0.1884
2025-10-17 11:24:00,0.0,0.0,2.0,0.0,32.0,25.0,2.0,24.0,0.3067,0.136,0.0057,0.0897
2025-10-17 11:29:00,0.0,2.0,2.0,2.0,49.0,17.0,8.0,21.0,0.4392,0.0891,0.0242,0.0763
2025-10-17 11:31:00,0.0,2.0,2.0,0.0,48.0,5.0,11.0,23.0,0.3171,0.0143,0.0217,0.1142
2025-10-17 11:59:00,0.0,0.0,2.0,0.0,23.0,24.0,9.0,26.0,0.2904,0.0671,0.0438,0.1046
2025-10-17 12:04:00,0.0,0.0,2.0,0.0,28.0,25.0,6.0,33.0,0.3285,0.0564,0.03,0.209
2025-10-17 12:09:00,0.0,2.0,2.0,0.0,44.0,15.0,10.0,28.0,0.327,0.0328,0.0466,0.2248
2025-10-17 12:14:00,0.0,2.0,2.0,0.0,45.0,10.0,8.0,24.0,0.3217,0.0336,0.0294,0.0897
2025-10-17 12:19:00,0.0,2.0,2.0,2.0,32.0,19.0,1.0,22.0,0.322,0.066,0.0007,0.0639
2025-10-17 12:24:00,0.0,0.0,2.0,0.0,32.0,22.0,5.0,22.0,0.4174,0.0676,0.0206,0.0803
2025-10-17 12:29:00,0.0,2.0,2.0,0.0,33.0,11.0,14.0,31.0,0.3218,0.0233,0.0375,0.1371
2025-10-17 12:34:00,0.0,2.0,2.0,0.0,24.0,13.0,12.0,30.0,0.2654,0.0528,0.0361,0.1334
2025-10-17 12:39:00,0.0,0.0,2.0,2.0,28.0,21.0,5.0,17.0,0.3427,0.0708,0.0173,0.0613
2025-10-17 12:44:00,0.0,2.0,2.0,2.0,40.0,22.0,16.0,14.0,0.3539,0.0514,0.0717,0.0612
2025-10-17 12:49:00,0.0,0.0,2.0,0.0,26.0,31.0,13.0,28.0,0.3339,0.1217,0.0396,0.1642
2025-10-17 12:54:00,0.0,2.0,2.0,0.0,26.0,19.0,4.0,23.0,0.3343,0.033,0.0312,0.1395
2025-10-17 12:59:00,0.0,2.0,2.0,2.0,27.0,13.0,2.0,21.0,0.3481,0.0757,0.0212,0.0425
2025-10-17 13:04:00,0.0,0.0,2.0,0.0,30.0,24.0,3.0,26.0,0.3912,0.072,0.0062,0.069
2025-10-17 13:09:00,0.0,0.0,2.0,2.0,20.0,19.0,6.0,10.0,0.2493,0.0823,0.0423,0.1258
2025-10-17 13:14:00,0.0,0.0,2.0,0.0,28.0,23.0,3.0,27.0,0.3184,0.0884,0.0157,0.1302
2025-10-17 13:19:00,0.0,2.0,2.0,0.0,28.0,15.0,6.0,27.0,0.3246,0.0562,0.1389,0.1564
2025-10-17 13:24:00,0.0,0.0,2.0,0.0,25.0,19.0,3.0,24.0,0.3154,0.0913,0.0025,0.0901
2025-10-17 13:29:00,0.0,2.0,2.0,0.0,46.0,13.0,7.0,27.0,0.3924,0.0516,0.1016,0.1462
2025-10-17 13:34:00,0.0,2.0,2.0,0.0,30.0,15.0,6.0,26.0,0.3981,0.0461,0.0437,0.165
2025-10-17 13:39:00,0.0,0.0,2.0,0.0,26.0,21.0,3.0,29.0,0.3494,0.0616,0.019,0.2121
2025-10-17 13:44:00,0.0,0.0,2.0,0.0,24.0,22.0,8.0,31.0,0.3279,0.062,0.0111,0.1823
2025-10-17 13:49:00,0.0,2.0,2.0,0.0,25.0,10.0,5.0,34.0,0.3199,0.0364,0.0121,0.1637
2025-10-17 13:54:00,0.0,0.0,2.0,0.0,23.0,28.0,4.0,33.0,0.3105,0.1058,0.0547,0.2196
2025-10-17 13:59:00,0.0,0.0,2.0,0.0,16.0,27.0,10.0,29.0,0.2853,0.0634,0.0971,0.0868
2025-10-17 14:04:00,0.0,0.0,2.0,0.0,22.0,32.0,8.0,38.0,0.2678,0.0948,0.0142,0.1895
2025-10-17 14:09:00,0.0,0.0,2.0,0.0,25.0,36.0,10.0,29.0,0.3548,0.1158,0.0188,0.1667
2025-10-17 14:14:00,0.0,0.0,2.0,0.0,26.0,28.0,4.0,27.0,0.2495,0.0796,0.0184,0.2848
2025-10-17 14:19:00,0.0,0.0,2.0,0.0,16.0,42.0,8.0,29.0,0.1413,0.1374,0.0497,0.1485
2025-10-17 14:24:00,0.0,0.0,2.0,0.0,12.0,41.0,12.0,35.0,0.143,0.1002,0.06,0.1518
2025-10-17 14:29:00,0.0,0.0,2.0,0.0,21.0,36.0,13.0,27.0,0.1093,0.0891,0.0792,0.1379
2025-10-17 14:34:00,2.0,0.0,2.0,0.0,12.0,36.0,6.0,36.0,0.0808,0.1129,0.0035,0.3794
2025-10-17 14:39:00,2.0,0.0,2.0,0.0,13.0,57.0,18.0,39.0,0.0479,0.1495,0.0441,0.3337
2025-10-17 14:44:00,2.0,0.0,2.0,0.0,16.0,41.0,7.0,33.0,0.0624,0.1216,0.0391,0.2841
2025-10-17 14:54:00,2.0,0.0,2.0,0.0,11.0,47.0,8.0,38.0,0.0479,0.1281,0.0094,0.2641
2025-10-17 14:59:00,2.0,0.0,2.0,0.0,14.0,46.0,7.0,29.0,0.0692,0.0976,0.0516,0.1765
2025-10-17 15:09:00,2.0,0.0,2.0,0.0,12.0,31.0,17.0,31.0,0.0547,0.0786,0.0484,0.2637
2025-10-17 15:14:00,0.0,0.0,2.0,0.0,19.0,43.0,10.0,26.0,0.0843,0.1118,0.0375,0.0995
2025-10-17 15:19:00,0.0,0.0,0.0,0.0,22.0,37.0,18.0,29.0,0.0883,0.1137,0.0965,0.1526
2025-10-17 15:24:00,0.0,0.0,0.0,0.0,17.0,36.0,24.0,27.0,0.1293,0.1013,0.1154,0.1862
2025-10-17 15:29:00,0.0,0.0,0.0,0.0,24.0,40.0,26.0,38.0,0.0967,0.1261,0.1642,0.1594
2025-10-17 15:34:00,0.0,0.0,0.0,0.0,41.0,36.0,32.0,24.0,0.2008,0.0828,0.1835,0.1355
2025-10-17 15:39:00,0.0,0.0,0.0,0.0,37.0,38.0,34.0,41.0,0.1902,0.1262,0.2579,0.1683
2025-10-17 15:44:00,0.0,0.0,0.0,0.0,51.0,42.0,31.0,36.0,0.2837,0.1371,0.1838,0.1519
2025-10-17 15:54:00,0.0,0.0,0.0,0.0,42.0,46.0,24.0,35.0,0.2315,0.1445,0.1676,0.2573
2025-10-17 16:04:00,0.0,0.0,0.0,0.0,42.0,51.0,25.0,36.0,0.3082,0.1342,0.1452,0.152
2025-10-17 16:09:00,0.0,0.0,0.0,0.0,50.0,48.0,21.0,37.0,0.3586,0.1047,0.128,0.1561
2025-10-17 16:14:00,0.0,0.0,0.0,0.0,63.0,39.0,31.0,30.0,0.4201,0.0882,0.1806,0.204
2025-10-17 16:19:00,0.0,0.0,0.0,0.0,50.0,31.0,30.0,28.0,0.3597,0.1155,0.1176,0.1159
2025-10-17 16:24:00,0.0,0.0,0.0,0.0,47.0,43.0,19.0,38.0,0.2572,0.1025,0.2479,0.2297
2025-10-17 16:29:00,0.0,0.0,3.0,0.0,49.0,53.0,8.0,34.0,0.2198,0.1631,0.0274,0.2398
2025-10-17 16:34:00,0.0,0.0,3.0,0.0,52.0,45.0,8.0,34.0,0.204,0.1094,0.0485,0.209
2025-10-17 16:39:00,0.0,0.0,3.0,0.0,55.0,57.0,12.0,34.0,0.238,0.1077,0.0526,0.1573
2025-10-17 16:44:00,0.0,0.0,0.0,0.0,47.0,51.0,20.0,33.0,0.2433,0.1108,0.1238,0.1346
2025-10-17 16:54:00,0.0,0.0,0.0,0.0,31.0,42.0,7.0,30.0,0.1791,0.1141,0.1888,0.1884
2025-10-17 16:59:00,0.0,0.0,0.0,0.0,58.0,40.0,15.0,34.0,0.2771,0.1342,0.0875,0.1497
2025-10-17 17:04:00,0.0,0.0,3.0,0.0,42.0,46.0,13.0,39.0,0.213,0.1108,0.0262,0.2324
2025-10-17 17:09:00,0.0,0.0,3.0,0.0,45.0,43.0,8.0,36.0,0.221,0.1144,0.0129,0.2172
2025-10-17 17:19:00,0.0,0.0,3.0,0.0,43.0,39.0,11.0,36.0,0.1552,0.1238,0.0136,0.1758
2025-10-17 17:29:00,0.0,0.0,0.0,0.0,36.0,37.0,25.0,37.0,0.2394,0.1047,0.0664,0.2041
2025-10-17 17:34:00,0.0,0.0,3.0,0.0,43.0,43.0,10.0,35.0,0.2563,0.1513,0.0208,0.1812
2025-10-17 17:39:00,0.0,0.0,3.0,0.0,51.0,47.0,12.0,41.0,0.2656,0.1061,0.0174,0.1442
2025-10-17 18:19:00,0.0,0.0,0.0,0.0,30.0,38.0,34.0,37.0,0.2996,0.1259,0.4576,0.2208
2025-10-17 18:24:00,0.0,0.0,0.0,0.0,19.0,51.0,43.0,40.0,0.2643,0.1517,0.1421,0.1906
2025-10-17 18:29:00,0.0,0.0,0.0,0.0,24.0,52.0,41.0,51.0,0.1706,0.1217,0.1639,0.2277
2025-10-17 18:34:00,3.0,0.0,0.0,0.0,22.0,51.0,46.0,35.0,0.0616,0.1101,0.1946,0.2097
2025-10-17 18:39:00,3.0,0.0,0.0,0.0,12.0,50.0,36.0,35.0,0.0313,0.1613,0.191,0.1882
2025-10-17 18:44:00,0.0,0.0,0.0,0.0,22.0,44.0,46.0,40.0,0.2443,0.1002,0.3741,0.2274
2025-10-17 18:49:00,0.0,0.0,0.0,0.0,30.0,43.0,33.0,31.0,0.1354,0.1149,0.153,0.2353
2025-10-17 18:54:00,3.0,0.0,0.0,0.0,16.0,49.0,45.0,39.0,0.0669,0.1036,0.3718,0.183
2025-10-17 18:59:00,3.0,0.0,0.0,0.0,23.0,29.0,45.0,32.0,0.0749,0.0731,0.3107,0.2018
2025-10-17 19:04:00,0.0,3.0,0.0,0.0,24.0,17.0,25.0,23.0,0.1864,0.048,0.1651,0.1531
2025-10-17 19:09:00,0.0,3.0,0.0,3.0,40.0,20.0,30.0,16.0,0.3422,0.0658,0.159,0.1416
2025-10-17 19:14:00,3.0,3.0,3.0,3.0,18.0,16.0,10.0,10.0,0.0914,0.0557,0.0435,0.0843
2025-10-17 19:19:00,3.0,3.0,0.0,3.0,15.0,20.0,17.0,17.0,0.0493,0.0552,0.1514,0.1319
2025-10-17 19:24:00,0.0,3.0,3.0,3.0,22.0,22.0,12.0,4.0,0.2057,0.0676,0.0814,0.037
2025-10-17 19:29:00,3.0,3.0,0.0,3.0,13.0,24.0,17.0,7.0,0.0624,0.068,0.1567,0.0498
2025-10-17 19:34:00,3.0,3.0,0.0,3.0,14.0,17.0,17.0,9.0,0.0539,0.0496,0.1804,0.0726
2025-10-17 19:39:00,3.0,3.0,3.0,3.0,7.0,9.0,13.0,7.0,0.0286,0.0389,0.1252,0.0628
2025-10-17 19:44:00,3.0,3.0,0.0,3.0,12.0,11.0,20.0,8.0,0.0959,0.0377,0.1676,0.0546
2025-10-17 19:49:00,0.0,3.0,0.0,3.0,38.0,20.0,20.0,6.0,0.213,0.0859,0.1426,0.038
2025-10-17 19:54:00,3.0,3.0,0.0,3.0,19.0,23.0,23.0,12.0,0.0944,0.0864,0.2311,0.0924
2025-10-17 19:59:00,3.0,3.0,0.0,3.0,17.0,18.0,21.0,2.0,0.0941,0.0753,0.1676,0.0196
2025-10-17 20:04:00,3.0,3.0,3.0,3.0,18.0,15.0,11.0,4.0,0.1215,0.0758,0.1128,0.0193
2025-10-17 20:09:00,0.0,3.0,3.0,3.0,45.0,23.0,2.0,8.0,0.2582,0.0905,0.0051,0.0557
2025-10-17 20:14:00,3.0,3.0,3.0,3.0,18.0,19.0,2.0,4.0,0.1387,0.0756,0.0351,0.0639
2025-10-17 20:19:00,3.0,3.0,3.0,0.0,15.0,16.0,4.0,6.0,0.0685,0.1155,0.0777,0.2477
2025-10-17 20:24:00,3.0,3.0,3.0,3.0,19.0,26.0,4.0,6.0,0.1022,0.0917,0.0235,0.0618
2025-10-17 20:29:00,3.0,3.0,3.0,3.0,9.0,17.0,0.0,11.0,0.0282,0.0802,0.0,0.0842
2025-10-17 20:34:00,0.0,3.0,3.0,3.0,42.0,13.0,4.0,19.0,0.2055,0.039,0.0236,0.1053
2025-10-17 20:39:00,3.0,3.0,3.0,3.0,15.0,8.0,7.0,5.0,0.0722,0.0454,0.0493,0.0509
2025-10-17 20:44:00,3.0,3.0,3.0,3.0,15.0,21.0,6.0,5.0,0.0451,0.065,0.1039,0.022
2025-10-17 20:49:00,0.0,3.0,3.0,3.0,23.0,14.0,3.0,6.0,0.2074,0.0581,0.0053,0.0115
2025-10-17 20:54:00,3.0,3.0,3.0,3.0,14.0,4.0,4.0,4.0,0.0699,0.0085,0.0122,0.0104
2025-10-17 20:59:00,3.0,3.0,3.0,3.0,8.0,8.0,3.0,12.0,0.0436,0.0336,0.0201,0.1605
2025-10-17 21:04:00,3.0,3.0,3.0,3.0,21.0,18.0,7.0,7.0,0.084,0.069,0.061,0.0521
2025-10-17 21:09:00,0.0,3.0,3.0,3.0,35.0,18.0,2.0,5.0,0.2166,0.0662,0.0029,0.0377
2025-10-17 21:14:00,3.0,3.0,3.0,3.0,16.0,20.0,7.0,10.0,0.0685,0.0595,0.0584,0.0673
2025-10-17 21:19:00,3.0,3.0,3.0,3.0,12.0,22.0,7.0,12.0,0.0403,0.0562,0.0111,0.1344
2025-10-17 21:24:00,3.0,3.0,3.0,3.0,12.0,20.0,9.0,10.0,0.0512,0.0478,0.038,0.0781
2025-10-17 21:29:00,3.0,3.0,3.0,3.0,14.0,9.0,5.0,14.0,0.0604,0.0267,0.021,0.1174
2025-10-17 21:34:00,3.0,3.0,3.0,3.0,12.0,17.0,4.0,10.0,0.0523,0.0409,0.0053,0.071
2025-10-17 21:39:00,3.0,3.0,3.0,3.0,6.0,17.0,1.0,4.0,0.0149,0.0497,0.0011,0.0249
2025-10-17 21:44:00,3.0,3.0,3.0,3.0,9.0,15.0,8.0,9.0,0.0334,0.0571,0.015,0.0287
2025-10-17 21:49:00,3.0,3.0,3.0,3.0,5.0,27.0,8.0,15.0,0.0193,0.0814,0.0522,0.0686
2025-10-17 21:54:00,3.0,3.0,3.0,3.0,3.0,10.0,3.0,8.0,0.0266,0.031,0.0156,0.0461
2025-10-17 21:59:00,3.0,3.0,3.0,3.0,18.0,13.0,0.0,8.0,0.0824,0.0351,0.0,0.0617
2025-10-17 22:04:00,3.0,3.0,3.0,3.0,10.0,7.0,4.0,16.0,0.0722,0.0404,0.0342,0.1167
2025-10-17 22:09:00,0.0,3.0,3.0,3.0,42.0,15.0,10.0,6.0,0.1503,0.0419,0.0766,0.0435
2025-10-17 22:14:00,0.0,3.0,3.0,3.0,35.0,10.0,9.0,3.0,0.1567,0.0272,0.0432,0.0254
2025-10-17 22:19:00,0.0,3.0,3.0,3.0,45.0,23.0,1.0,9.0,0.2029,0.0875,0.0684,0.0663
2025-10-17 22:24:00,0.0,3.0,3.0,3.0,42.0,20.0,4.0,0.0,0.1701,0.0491,0.0748,0.0
2025-10-17 22:29:00,0.0,3.0,3.0,3.0,50.0,25.0,4.0,8.0,0.2797,0.0964,0.0108,0.0575
2025-10-17 22:34:00,0.0,3.0,3.0,3.0,53.0,23.0,1.0,20.0,0.1859,0.0703,0.0008,0.0957
2025-10-17 22:39:00,0.0,3.0,3.0,3.0,44.0,18.0,4.0,7.0,0.2286,0.0557,0.026,0.0593
2025-10-17 22:44:00,0.0,3.0,3.0,3.0,35.0,15.0,3.0,6.0,0.2244,0.0628,0.0303,0.0413
2025-10-17 22:49:00,0.0,3.0,3.0,3.0,33.0,7.0,2.0,3.0,0.1844,0.0342,0.0125,0.0123
2025-10-17 22:54:00,0.0,3.0,3.0,3.0,28.0,19.0,0.0,8.0,0.2233,0.0728,0.0,0.0492
2025-10-17 22:59:00,3.0,3.0,3.0,3.0,10.0,17.0,3.0,1.0,0.0466,0.055,0.0463,0.0021
2025-10-17 23:04:00,3.0,3.0,3.0,3.0,11.0,15.0,4.0,6.0,0.0303,0.0372,0.1041,0.0383
2025-10-17 23:09:00,3.0,3.0,3.0,3.0,13.0,17.0,2.0,2.0,0.0582,0.0436,0.0041,0.0107
2025-10-17 23:14:00,3.0,3.0,3.0,3.0,4.0,22.0,8.0,4.0,0.0092,0.0523,0.1016,0.0136
2025-10-17 23:19:00,0.0,3.0,3.0,3.0,41.0,19.0,5.0,9.0,0.1228,0.0499,0.0163,0.0337
2025-10-17 23:24:00,0.0,3.0,3.0,3.0,34.0,18.0,3.0,2.0,0.1478,0.0534,0.0119,0.0107
2025-10-17 23:29:00,0.0,3.0,3.0,3.0,37.0,19.0,9.0,0.0,0.1468,0.0562,0.0595,0.0
2025-10-17 23:34:00,3.0,3.0,3.0,3.0,25.0,13.0,13.0,2.0,0.0907,0.0339,0.1397,0.0149
2025-10-17 23:39:00,3.0,3.0,3.0,3.0,11.0,10.0,6.0,3.0,0.0392,0.0228,0.0081,0.0338
2025-10-17 23:44:00,3.0,3.0,3.0,3.0,13.0,11.0,4.0,4.0,0.0413,0.0354,0.0086,0.0144
2025-10-17 23:49:00,3.0,3.0,3.0,3.0,8.0,11.0,2.0,2.0,0.0273,0.0289,0.0644,0.0102
2025-10-17 23:54:00,3.0,3.0,3.0,3.0,11.0,0.0,5.0,4.0,0.066,0.0,0.0166,0.0182
2025-10-18 04:54:00,2.0,2.0,2.0,2.0,6.0,2.0,5.0,1.0,0.0695,0.0096,0.0154,0.0035
2025-10-18 04:59:00,2.0,2.0,2.0,2.0,8.0,11.0,1.0,0.0,0.0606,0.0351,0.0001,0.0
2025-10-18 05:04:00,2.0,2.0,2.0,2.0,4.0,8.0,2.0,1.0,0.0137,0.0319,0.0022,0.0051
2025-10-18 05:09:00,2.0,2.0,2.0,2.0,5.0,10.0,3.0,4.0,0.0187,0.0264,0.0086,0.0503
2025-10-18 05:14:00,2.0,2.0,2.0,2.0,9.0,8.0,0.0,3.0,0.0252,0.0356,0.0,0.0227
2025-10-18 05:19:00,2.0,2.0,2.0,2.0,9.0,8.0,1.0,2.0,0.0524,0.0246,0.0084,0.0392
2025-10-18 05:29:00,2.0,2.0,2.0,2.0,0.0,20.0,6.0,3.0,0.0,0.0575,0.0239,0.0205
2025-10-18 05:34:00,2.0,0.0,2.0,2.0,8.0,33.0,3.0,0.0,0.0667,0.0774,0.0369,0.0
2025-10-18 05:39:00,2.0,2.0,2.0,2.0,11.0,25.0,2.0,1.0,0.0666,0.05,0.0082,0.0069
2025-10-18 05:49:00,2.0,2.0,2.0,2.0,6.0,13.0,3.0,0.0,0.0138,0.0278,0.0814,0.0
2025-10-18 05:54:00,2.0,0.0,2.0,2.0,9.0,34.0,2.0,0.0,0.0429,0.0832,0.0073,0.0
2025-10-18 05:59:00,2.0,2.0,2.0,2.0,11.0,15.0,3.0,5.0,0.0319,0.0523,0.01,0.0906
2025-10-18 06:09:00,2.0,2.0,2.0,2.0,12.0,9.0,3.0,2.0,0.043,0.0261,0.0556,0.0166
2025-10-18 06:14:00,2.0,2.0,2.0,2.0,4.0,14.0,4.0,0.0,0.0286,0.0331,0.0469,0.0
2025-10-18 06:19:00,2.0,2.0,2.0,2.0,14.0,11.0,4.0,5.0,0.0571,0.0313,0.0605,0.0211
2025-10-18 06:29:00,2.0,2.0,2.0,2.0,12.0,17.0,9.0,1.0,0.0394,0.0388,0.062,0.0029
2025-10-18 06:44:00,2.0,0.0,2.0,2.0,7.0,44.0,9.0,17.0,0.0172,0.1029,0.0708,0.0398
2025-10-18 06:59:00,2.0,0.0,2.0,2.0,12.0,61.0,7.0,18.0,0.0286,0.1303,0.0272,0.0273
2025-10-18 07:04:00,2.0,0.0,2.0,2.0,13.0,45.0,2.0,15.0,0.0385,0.1009,0.0075,0.0233
2025-10-18 07:09:00,2.0,0.0,2.0,2.0,33.0,48.0,10.0,8.0,0.0703,0.1236,0.0302,0.0142
2025-10-18 07:14:00,0.0,0.0,2.0,2.0,46.0,60.0,4.0,11.0,0.16,0.1214,0.0392,0.0758
2025-10-18 07:19:00,0.0,0.0,2.0,2.0,53.0,51.0,3.0,16.0,0.2188,0.1176,0.0046,0.0435
2025-10-18 07:29:00,0.0,0.0,0.0,2.0,52.0,50.0,8.0,12.0,0.1747,0.1188,0.3803,0.0644
2025-10-18 07:34:00,0.0,0.0,2.0,2.0,60.0,40.0,6.0,9.0,0.1905,0.1217,0.0065,0.0435
2025-10-18 07:44:00,0.0,2.0,2.0,2.0,54.0,31.0,11.0,18.0,0.1594,0.0857,0.0382,0.0275
2025-10-18 07:49:00,0.0,0.0,2.0,2.0,47.0,50.0,10.0,26.0,0.1536,0.0951,0.0181,0.0899
2025-10-18 07:59:00,0.0,0.0,2.0,2.0,45.0,36.0,4.0,20.0,0.1606,0.1103,0.005,0.076
2025-10-18 08:04:00,0.0,0.0,2.0,0.0,51.0,45.0,7.0,30.0,0.2025,0.1367,0.0089,0.1508
2025-10-18 08:09:00,0.0,0.0,2.0,0.0,42.0,53.0,15.0,27.0,0.1614,0.1608,0.0317,0.144
2025-10-18 08:14:00,0.0,0.0,2.0,2.0,43.0,33.0,8.0,25.0,0.2114,0.1111,0.0283,0.1109
2025-10-18 08:19:00,0.0,0.0,2.0,2.0,43.0,49.0,5.0,27.0,0.1991,0.1206,0.0622,0.0747
2025-10-18 08:24:00,0.0,0.0,2.0,2.0,44.0,49.0,5.0,22.0,0.2227,0.1245,0.0101,0.0917
2025-10-18 08:29:00,0.0,0.0,2.0,0.0,49.0,44.0,10.0,29.0,0.1539,0.1214,0.0606,0.1265
2025-10-18 08:34:00,0.0,0.0,2.0,0.0,55.0,48.0,2.0,33.0,0.1902,0.1381,0.0036,0.0895
2025-10-18 08:39:00,0.0,0.0,2.0,0.0,52.0,34.0,7.0,35.0,0.1995,0.1595,0.01,0.1316
2025-10-18 08:44:00,0.0,0.0,2.0,2.0,44.0,50.0,3.0,24.0,0.1523,0.1552,0.0042,0.103
2025-10-18 08:49:00,0.0,0.0,2.0,0.0,47.0,36.0,3.0,35.0,0.1665,0.138,0.0037,0.1029
2025-10-18 08:54:00,0.0,0.0,2.0,0.0,49.0,40.0,3.0,32.0,0.2218,0.1541,0.0034,0.1084
2025-10-18 08:59:00,0.0,0.0,2.0,0.0,53.0,51.0,5.0,34.0,0.1765,0.1461,0.0082,0.0825
2025-10-18 09:04:00,0.0,0.0,2.0,0.0,48.0,48.0,2.0,27.0,0.2174,0.1412,0.002,0.1097
2025-10-18 09:09:00,0.0,0.0,2.0,2.0,53.0,46.0,1.0,15.0,0.191,0.1295,0.0005,0.0633
2025-10-18 09:14:00,0.0,0.0,2.0,2.0,56.0,44.0,4.0,17.0,0.2395,0.1246,0.0374,0.0856
2025-10-18 09:19:00,0.0,0.0,2.0,0.0,53.0,39.0,6.0,30.0,0.3212,0.1056,0.0598,0.1326
2025-10-18 09:24:00,0.0,0.0,2.0,0.0,52.0,37.0,3.0,24.0,0.2792,0.126,0.018,0.1278
2025-10-18 09:29:00,0.0,2.0,2.0,0.0,59.0,27.0,0.0,33.0,0.2068,0.0962,0.0,0.1913
2025-10-18 09:34:00,0.0,2.0,2.0,2.0,47.0,25.0,1.0,21.0,0.2163,0.0525,0.0005,0.0861
2025-10-18 09:39:00,0.0,2.0,2.0,0.0,48.0,18.0,6.0,20.0,0.2465,0.0658,0.0163,0.1553
2025-10-18 09:44:00,0.0,2.0,2.0,0.0,50.0,16.0,5.0,29.0,0.2009,0.0767,0.0665,0.1753
2025-10-18 09:54:00,0.0,2.0,2.0,0.0,58.0,10.0,5.0,28.0,0.2231,0.0316,0.0381,0.1041
2025-10-18 09:59:00,0.0,2.0,2.0,2.0,51.0,19.0,1.0,20.0,0.1887,0.0641,0.0,0.0919
2025-10-18 10:04:00,0.0,2.0,2.0,0.0,43.0,15.0,6.0,20.0,0.1722,0.05,0.0231,0.1764
2025-10-18 10:09:00,0.0,2.0,2.0,0.0,47.0,8.0,6.0,24.0,0.2008,0.0359,0.0755,0.1267
2025-10-18 10:14:00,0.0,2.0,2.0,2.0,47.0,20.0,6.0,12.0,0.184,0.0474,0.0958,0.0247
2025-10-18 10:19:00,0.0,2.0,2.0,2.0,49.0,25.0,2.0,18.0,0.1987,0.0753,0.0055,0.0833
2025-10-18 10:24:00,0.0,2.0,2.0,0.0,43.0,14.0,3.0,29.0,0.1616,0.0578,0.0058,0.1562
2025-10-18 10:29:00,0.0,2.0,2.0,2.0,55.0,14.0,3.0,14.0,0.16,0.0405,0.0053,0.1502
2025-10-18 10:34:00,0.0,2.0,2.0,2.0,49.0,12.0,3.0,16.0,0.1574,0.0439,0.0047,0.0417
2025-10-18 10:39:00,0.0,2.0,2.0,2.0,45.0,10.0,7.0,13.0,0.1736,0.0459,0.1592,0.0811
2025-10-18 10:44:00,0.0,2.0,2.0,2.0,58.0,22.0,5.0,20.0,0.1945,0.0693,0.0136,0.0983
2025-10-18 10:49:00,0.0,2.0,2.0,2.0,46.0,19.0,3.0,17.0,0.2235,0.0592,0.0018,0.0785
2025-10-18 10:54:00,0.0,2.0,2.0,2.0,48.0,22.0,3.0,18.0,0.2547,0.0687,0.0729,0.1215
2025-10-18 10:59:00,0.0,2.0,2.0,2.0,54.0,10.0,0.0,19.0,0.1764,0.021,0.0,0.1063
2025-10-18 11:04:00,0.0,2.0,2.0,2.0,59.0,13.0,8.0,12.0,0.22,0.0257,0.0081,0.0398
2025-10-18 11:09:00,0.0,2.0,2.0,0.0,42.0,15.0,5.0,26.0,0.1154,0.0477,0.0331,0.1724
2025-10-18 11:19:00,2.0,2.0,2.0,0.0,23.0,16.0,9.0,23.0,0.082,0.0261,0.0787,0.1468
2025-10-18 11:24:00,2.0,2.0,2.0,0.0,29.0,15.0,4.0,34.0,0.0628,0.0503,0.1176,0.2633
2025-10-18 11:29:00,2.0,2.0,2.0,0.0,13.0,7.0,4.0,33.0,0.0792,0.0131,0.0244,0.2157
2025-10-18 11:59:00,2.0,0.0,2.0,0.0,10.0,39.0,5.0,26.0,0.0448,0.108,0.0103,0.1215
2025-10-18 12:04:00,2.0,0.0,2.0,2.0,13.0,38.0,6.0,20.0,0.0855,0.1131,0.0887,0.078
2025-10-18 12:09:00,2.0,2.0,2.0,0.0,14.0,29.0,1.0,26.0,0.0666,0.0723,0.0111,0.1211
2025-10-18 12:14:00,2.0,0.0,2.0,0.0,18.0,44.0,2.0,32.0,0.0748,0.0793,0.0125,0.1289
2025-10-18 12:19:00,2.0,2.0,2.0,0.0,10.0,31.0,3.0,37.0,0.0575,0.0584,0.0353,0.1591
2025-10-18 12:24:00,2.0,0.0,2.0,0.0,16.0,48.0,6.0,34.0,0.1277,0.1257,0.0226,0.1298
2025-10-18 12:29:00,2.0,0.0,2.0,0.0,4.0,45.0,6.0,37.0,0.0068,0.0927,0.0469,0.1426
2025-10-18 12:34:00,2.0,0.0,2.0,2.0,14.0,45.0,2.0,19.0,0.0752,0.1031,0.0048,0.0341
2025-10-18 12:39:00,0.0,0.0,2.0,2.0,26.0,45.0,7.0,25.0,0.116,0.1033,0.0229,0.0678
2025-10-18 12:44:00,0.0,0.0,2.0,0.0,52.0,46.0,3.0,30.0,0.117,0.1243,0.0272,0.1406
2025-10-18 12:49:00,0.0,0.0,2.0,0.0,49.0,54.0,6.0,37.0,0.1474,0.0978,0.0304,0.163
2025-10-18 12:54:00,0.0,0.0,2.0,0.0,47.0,51.0,2.0,33.0,0.1887,0.1017,0.001,0.1057
2025-10-18 12:59:00,0.0,0.0,2.0,0.0,46.0,56.0,2.0,29.0,0.155,0.1153,0.0379,0.0867
2025-10-18 13:04:00,0.0,0.0,2.0,2.0,52.0,54.0,8.0,19.0,0.1811,0.105,0.0179,0.1137
2025-10-18 13:09:00,0.0,0.0,2.0,0.0,51.0,57.0,8.0,26.0,0.1739,0.1303,0.0287,0.1293
2025-10-18 13:14:00,0.0,0.0,2.0,2.0,50.0,42.0,1.0,21.0,0.1487,0.1,0.0008,0.0493
2025-10-18 13:19:00,0.0,0.0,2.0,0.0,54.0,37.0,2.0,33.0,0.1773,0.0797,0.0089,0.152
2025-10-18 13:24:00,0.0,0.0,2.0,2.0,43.0,45.0,3.0,25.0,0.1118,0.1032,0.1017,0.0548
2025-10-18 13:29:00,2.0,0.0,2.0,0.0,23.0,46.0,6.0,36.0,0.085,0.1327,0.0219,0.1807
2025-10-18 13:34:00,2.0,0.0,2.0,0.0,28.0,37.0,6.0,28.0,0.0649,0.1056,0.0886,0.17
2025-10-18 13:39:00,0.0,0.0,2.0,0.0,41.0,43.0,4.0,34.0,0.1636,0.1133,0.0427,0.1132
2025-10-18 13:44:00,0.0,0.0,2.0,0.0,37.0,53.0,2.0,27.0,0.0947,0.1396,0.0031,0.1138
2025-10-18 13:49:00,0.0,0.0,2.0,0.0,35.0,45.0,4.0,22.0,0.1402,0.1238,0.0404,0.1312
2025-10-18 13:54:00,0.0,0.0,2.0,2.0,39.0,39.0,1.0,21.0,0.0983,0.0952,0.0009,0.0638
2025-10-18 13:59:00,0.0,0.0,2.0,0.0,62.0,37.0,4.0,24.0,0.1794,0.0919,0.0058,0.1354
2025-10-18 14:04:00,0.0,0.0,2.0,0.0,35.0,37.0,5.0,37.0,0.1006,0.0816,0.0119,0.2291
2025-10-18 14:14:00,2.0,0.0,2.0,0.0,18.0,48.0,6.0,25.0,0.0539,0.1266,0.0188,0.1274
2025-10-18 14:19:00,2.0,0.0,2.0,0.0,17.0,41.0,2.0,18.0,0.0904,0.1202,0.0012,0.2197
2025-10-18 14:24:00,2.0,0.0,2.0,2.0,14.0,45.0,7.0,21.0,0.0398,0.1129,0.0821,0.083
2025-10-18 14:29:00,2.0,0.0,2.0,0.0,14.0,50.0,7.0,36.0,0.086,0.1187,0.1297,0.1958
2025-10-18 14:34:00,2.0,0.0,2.0,2.0,15.0,46.0,3.0,19.0,0.064,0.1059,0.0077,0.0762
2025-10-18 14:44:00,2.0,2.0,2.0,0.0,14.0,21.0,3.0,24.0,0.0525,0.0504,0.0016,0.12
2025-10-18 14:49:00,2.0,0.0,2.0,2.0,20.0,40.0,1.0,9.0,0.0799,0.1028,0.0017,0.0062
2025-10-18 14:54:00,2.0,0.0,2.0,0.0,13.0,41.0,16.0,31.0,0.0564,0.0851,0.0551,0.1232
2025-10-18 14:59:00,2.0,0.0,2.0,0.0,22.0,35.0,7.0,22.0,0.06,0.1413,0.0066,0.1149
2025-10-18 15:09:00,0.0,0.0,2.0,2.0,45.0,44.0,2.0,18.0,0.1522,0.0914,0.0019,0.0646
2025-10-18 15:14:00,0.0,0.0,2.0,0.0,46.0,51.0,16.0,36.0,0.1245,0.1233,0.0441,0.136
2025-10-18 15:19:00,0.0,0.0,2.0,0.0,36.0,41.0,2.0,26.0,0.214,0.1028,0.0117,0.1432
2025-10-18 15:29:00,0.0,0.0,2.0,2.0,45.0,45.0,3.0,22.0,0.1333,0.1336,0.0031,0.0585
2025-10-18 15:34:00,0.0,0.0,2.0,0.0,42.0,44.0,7.0,28.0,0.1582,0.1032,0.0521,0.0954
2025-10-18 15:39:00,0.0,0.0,2.0,0.0,41.0,33.0,9.0,25.0,0.1449,0.0769,0.0239,0.0932
2025-10-18 15:44:00,0.0,0.0,2.0,2.0,43.0,35.0,6.0,24.0,0.1588,0.0871,0.0087,0.0637
2025-10-18 15:49:00,0.0,0.0,2.0,0.0,39.0,40.0,2.0,23.0,0.2058,0.1014,0.0406,0.0896
2025-10-18 15:54:00,0.0,0.0,2.0,2.0,49.0,41.0,2.0,21.0,0.1668,0.0864,0.0117,0.081
2025-10-18 16:09:00,0.0,0.0,2.0,0.0,35.0,41.0,2.0,37.0,0.0851,0.0927,0.0056,0.1652
2025-10-18 16:14:00,0.0,0.0,2.0,0.0,35.0,37.0,8.0,22.0,0.1367,0.091,0.0095,0.082
2025-10-18 16:19:00,0.0,0.0,2.0,2.0,24.0,38.0,7.0,22.0,0.0847,0.1114,0.0311,0.0691
2025-10-18 16:29:00,2.0,0.0,2.0,2.0,5.0,32.0,6.0,17.0,0.0263,0.1256,0.0379,0.0592
2025-10-18 16:34:00,2.0,0.0,2.0,0.0,12.0,40.0,8.0,32.0,0.0377,0.0958,0.0308,0.1364
2025-10-18 16:39:00,2.0,0.0,2.0,0.0,14.0,44.0,3.0,24.0,0.0827,0.1049,0.0094,0.128
2025-10-18 16:54:00,2.0,0.0,2.0,0.0,7.0,31.0,5.0,22.0,0.02,0.0892,0.0166,0.1141
2025-10-18 16:59:00,2.0,0.0,2.0,0.0,9.0,32.0,6.0,22.0,0.0531,0.0988,0.0282,0.0933
2025-10-18 17:04:00,3.0,0.0,3.0,0.0,10.0,35.0,6.0,25.0,0.0286,0.0963,0.011,0.1123
2025-10-18 17:09:00,3.0,0.0,3.0,3.0,14.0,37.0,2.0,19.0,0.1128,0.1022,0.0056,0.1057
2025-10-18 17:14:00,3.0,0.0,3.0,3.0,14.0,42.0,7.0,17.0,0.0461,0.1077,0.0628,0.0687
2025-10-18 17:19:00,3.0,0.0,3.0,0.0,2.0,41.0,4.0,19.0,0.0089,0.1157,0.059,0.1176
2025-10-18 17:24:00,3.0,0.0,3.0,3.0,4.0,46.0,10.0,17.0,0.0091,0.1294,0.0286,0.0646
2025-10-18 17:29:00,0.0,0.0,3.0,0.0,17.0,45.0,7.0,29.0,0.13,0.1117,0.0204,0.0945
2025-10-18 17:34:00,3.0,0.0,3.0,3.0,10.0,38.0,9.0,18.0,0.058,0.1057,0.0271,0.0925
2025-10-18 17:39:00,3.0,0.0,3.0,3.0,7.0,31.0,6.0,19.0,0.0269,0.0975,0.0668,0.0642
2025-10-18 17:44:00,3.0,0.0,3.0,3.0,11.0,41.0,10.0,19.0,0.0622,0.1,0.0534,0.082
2025-10-18 17:49:00,3.0,0.0,3.0,0.0,10.0,40.0,12.0,25.0,0.0527,0.0951,0.0621,0.099
2025-10-18 17:54:00,3.0,0.0,3.0,3.0,15.0,37.0,6.0,19.0,0.0704,0.137,0.0343,0.1038
2025-10-18 17:59:00,3.0,0.0,3.0,0.0,9.0,34.0,7.0,26.0,0.0292,0.0937,0.0724,0.178
2025-10-18 18:04:00,3.0,0.0,3.0,3.0,13.0,39.0,8.0,23.0,0.0388,0.098,0.0085,0.0695
2025-10-18 18:09:00,3.0,0.0,3.0,3.0,10.0,44.0,12.0,20.0,0.0287,0.1012,0.0314,0.0611
2025-10-18 18:14:00,3.0,0.0,3.0,0.0,15.0,46.0,6.0,25.0,0.079,0.1085,0.0096,0.1379
2025-10-18 18:19:00,3.0,0.0,3.0,3.0,10.0,41.0,10.0,27.0,0.0424,0.1106,0.0848,0.0441
2025-10-18 18:24:00,3.0,0.0,3.0,0.0,14.0,37.0,12.0,30.0,0.0587,0.1183,0.0136,0.1061
2025-10-18 18:29:00,3.0,0.0,3.0,0.0,20.0,48.0,8.0,35.0,0.1148,0.1057,0.0638,0.1103
2025-10-18 18:39:00,3.0,0.0,3.0,3.0,20.0,64.0,9.0,25.0,0.0919,0.1566,0.0084,0.051
2025-10-18 18:44:00,3.0,0.0,3.0,0.0,22.0,44.0,5.0,29.0,0.0932,0.099,0.0364,0.0856
2025-10-18 18:49:00,3.0,0.0,3.0,3.0,16.0,65.0,5.0,17.0,0.0708,0.1259,0.0206,0.0867
2025-10-18 18:54:00,3.0,0.0,3.0,0.0,8.0,51.0,3.0,32.0,0.0387,0.1007,0.0027,0.1744
2025-10-18 19:04:00,3.0,0.0,3.0,3.0,17.0,35.0,4.0,15.0,0.093,0.0928,0.0037,0.1112
2025-10-18 19:09:00,3.0,3.0,3.0,3.0,25.0,32.0,6.0,14.0,0.0626,0.0623,0.0292,0.0787
2025-10-18 19:14:00,3.0,3.0,3.0,3.0,18.0,11.0,3.0,16.0,0.0742,0.0256,0.0027,0.0625
2025-10-18 19:19:00,3.0,3.0,3.0,3.0,14.0,18.0,7.0,4.0,0.0546,0.0839,0.0375,0.0473
2025-10-18 19:24:00,3.0,3.0,3.0,3.0,15.0,17.0,5.0,6.0,0.0796,0.0302,0.0173,0.0188
2025-10-18 19:29:00,3.0,3.0,3.0,3.0,12.0,25.0,10.0,1.0,0.1088,0.0815,0.0405,0.0024
2025-10-18 19:34:00,3.0,3.0,3.0,3.0,12.0,9.0,2.0,13.0,0.0527,0.0576,0.0539,0.1022
2025-10-18 19:39:00,3.0,3.0,3.0,3.0,22.0,31.0,5.0,14.0,0.1138,0.0871,0.013,0.1061
2025-10-18 19:49:00,0.0,3.0,3.0,3.0,23.0,15.0,7.0,12.0,0.1408,0.0296,0.0293,0.0408
2025-10-18 19:54:00,3.0,3.0,3.0,3.0,8.0,12.0,3.0,8.0,0.0514,0.0222,0.0225,0.041
2025-10-18 19:59:00,3.0,3.0,3.0,3.0,13.0,15.0,4.0,4.0,0.069,0.0301,0.008,0.0406
2025-10-18 20:09:00,3.0,3.0,3.0,3.0,13.0,13.0,8.0,6.0,0.0606,0.0259,0.0387,0.0486
2025-10-18 20:14:00,3.0,3.0,3.0,3.0,9.0,22.0,10.0,6.0,0.026,0.0501,0.0617,0.0479
2025-10-18 20:19:00,3.0,3.0,3.0,3.0,10.0,27.0,5.0,0.0,0.0346,0.0611,0.0129,0.0
2025-10-18 20:24:00,3.0,3.0,3.0,3.0,9.0,27.0,7.0,7.0,0.0495,0.065,0.0179,0.0659
2025-10-18 20:29:00,3.0,0.0,3.0,3.0,16.0,39.0,3.0,8.0,0.0489,0.0906,0.0065,0.0985
2025-10-18 20:39:00,3.0,0.0,3.0,3.0,14.0,38.0,2.0,2.0,0.0654,0.1056,0.0038,0.0229
2025-10-18 20:44:00,3.0,3.0,3.0,3.0,10.0,33.0,3.0,2.0,0.0318,0.0918,0.0201,0.0129
2025-10-18 20:49:00,3.0,3.0,3.0,3.0,13.0,26.0,5.0,2.0,0.0604,0.0736,0.0369,0.0335
2025-10-18 20:54:00,3.0,3.0,3.0,3.0,16.0,32.0,4.0,8.0,0.0626,0.0822,0.0259,0.0878
2025-10-18 20:59:00,3.0,3.0,3.0,3.0,17.0,34.0,6.0,6.0,0.0801,0.0855,0.0275,0.0371
2025-10-18 21:09:00,3.0,0.0,3.0,3.0,14.0,42.0,8.0,3.0,0.0578,0.1072,0.0272,0.0348
2025-10-18 21:19:00,3.0,3.0,3.0,3.0,18.0,21.0,8.0,6.0,0.1028,0.0418,0.0863,0.0608
2025-10-18 21:24:00,3.0,3.0,3.0,3.0,22.0,24.0,5.0,4.0,0.0694,0.0542,0.0125,0.0155
2025-10-18 21:29:00,3.0,3.0,3.0,3.0,13.0,29.0,8.0,1.0,0.0448,0.0805,0.0961,0.0057
2025-10-18 21:34:00,3.0,3.0,3.0,3.0,21.0,18.0,6.0,5.0,0.1278,0.0455,0.1079,0.0305
2025-10-18 21:39:00,3.0,3.0,3.0,3.0,16.0,22.0,5.0,8.0,0.0725,0.0798,0.0223,0.0428
2025-10-18 21:44:00,3.0,3.0,3.0,3.0,12.0,24.0,7.0,9.0,0.0456,0.0639,0.0445,0.0324
2025-10-18 22:04:00,3.0,3.0,3.0,3.0,19.0,31.0,11.0,8.0,0.1504,0.0734,0.032,0.1273
2025-10-18 22:09:00,3.0,3.0,3.0,3.0,11.0,28.0,4.0,10.0,0.089,0.0715,0.0311,0.0656
2025-10-18 22:14:00,3.0,3.0,3.0,3.0,18.0,32.0,3.0,7.0,0.0549,0.081,0.0036,0.0427
2025-10-18 22:19:00,3.0,3.0,3.0,3.0,21.0,35.0,2.0,0.0,0.064,0.0833,0.003,0.0
2025-10-18 22:24:00,3.0,3.0,3.0,3.0,11.0,32.0,1.0,3.0,0.0508,0.0972,0.0012,0.0653
2025-10-18 22:29:00,3.0,3.0,3.0,3.0,8.0,31.0,6.0,0.0,0.021,0.0957,0.0132,0.0
2025-10-18 22:34:00,3.0,0.0,3.0,3.0,19.0,39.0,3.0,14.0,0.0787,0.1098,0.0084,0.0771
2025-10-18 22:39:00,3.0,0.0,3.0,3.0,19.0,43.0,4.0,6.0,0.0936,0.1053,0.0175,0.038
2025-10-18 22:44:00,3.0,3.0,3.0,3.0,11.0,33.0,6.0,4.0,0.0434,0.0801,0.0181,0.0403
2025-10-18 22:49:00,3.0,0.0,3.0,3.0,8.0,43.0,5.0,0.0,0.0182,0.0966,0.077,0.0
2025-10-18 23:04:00,3.0,0.0,3.0,3.0,10.0,44.0,5.0,0.0,0.0689,0.1029,0.0235,0.0
2025-10-18 23:09:00,3.0,3.0,3.0,3.0,8.0,30.0,8.0,3.0,0.0411,0.0687,0.0139,0.0064
2025-10-18 23:19:00,3.0,3.0,3.0,3.0,19.0,34.0,2.0,0.0,0.0937,0.0637,0.0038,0.0
2025-10-18 23:24:00,3.0,3.0,3.0,3.0,10.0,22.0,2.0,3.0,0.0546,0.0735,0.0043,0.0341
2025-10-18 23:29:00,3.0,3.0,3.0,3.0,11.0,23.0,8.0,3.0,0.0526,0.0308,0.0834,0.0154
2025-10-18 23:34:00,3.0,3.0,3.0,3.0,15.0,26.0,5.0,2.0,0.0502,0.0701,0.1208,0.0207
2025-10-18 23:44:00,3.0,3.0,3.0,3.0,27.0,20.0,4.0,2.0,0.1225,0.0497,0.0088,0.0723
2025-10-18 23:49:00,0.0,3.0,3.0,3.0,43.0,16.0,3.0,5.0,0.1911,0.0398,0.0072,0.0246
2025-10-18 23:54:00,0.0,3.0,3.0,3.0,39.0,1.0,1.0,2.0,0.1573,0.0008,0.0011,0.0036
2025-10-19 05:04:00,2.0,2.0,2.0,2.0,1.0,10.0,1.0,1.0,0.0037,0.0211,0.0005,0.0253
2025-10-19 05:49:00,2.0,2.0,2.0,2.0,9.0,4.0,0.0,3.0,0.0367,0.0112,0.0,0.0288
2025-10-19 06:04:00,2.0,2.0,2.0,2.0,9.0,9.0,1.0,0.0,0.0559,0.0389,0.001,0.0
2025-10-19 06:24:00,2.0,2.0,2.0,2.0,6.0,2.0,0.0,2.0,0.0241,0.0056,0.0,0.0324
2025-10-19 06:49:00,2.0,2.0,2.0,2.0,15.0,12.0,5.0,8.0,0.0563,0.0271,0.0232,0.0541
2025-10-19 07:54:00,2.0,2.0,2.0,2.0,20.0,15.0,12.0,14.0,0.0656,0.0269,0.1054,0.0626
2025-10-19 07:59:00,0.0,0.0,2.0,2.0,49.0,53.0,1.0,15.0,0.1533,0.1172,0.0005,0.0274
2025-10-19 08:09:00,2.0,0.0,2.0,2.0,31.0,50.0,9.0,13.0,0.0601,0.1047,0.0753,0.1193
2025-10-19 08:19:00,2.0,0.0,2.0,2.0,27.0,52.0,4.0,11.0,0.1035,0.1342,0.017,0.0434
2025-10-19 08:29:00,2.0,0.0,2.0,2.0,15.0,44.0,8.0,15.0,0.1002,0.1088,0.0472,0.0535
2025-10-19 08:54:00,0.0,0.0,2.0,2.0,59.0,44.0,7.0,13.0,0.1765,0.0862,0.041,0.0499
2025-10-19 09:04:00,0.0,0.0,2.0,2.0,60.0,51.0,9.0,18.0,0.2548,0.1094,0.0297,0.0613
2025-10-19 09:09:00,0.0,0.0,2.0,2.0,66.0,59.0,7.0,14.0,0.2072,0.1181,0.0265,0.0651
2025-10-19 09:19:00,0.0,0.0,2.0,2.0,48.0,58.0,1.0,17.0,0.2299,0.1286,0.0008,0.0723
2025-10-19 09:24:00,0.0,0.0,2.0,2.0,43.0,53.0,2.0,20.0,0.1836,0.1026,0.0012,0.1386
2025-10-19 09:44:00,0.0,0.0,2.0,2.0,48.0,42.0,6.0,9.0,0.1642,0.0864,0.0292,0.0502
2025-10-19 09:54:00,0.0,0.0,2.0,2.0,45.0,47.0,0.0,17.0,0.2475,0.1062,0.0,0.109
2025-10-19 10:09:00,0.0,0.0,2.0,2.0,52.0,52.0,3.0,14.0,0.2613,0.0932,0.0248,0.0268
2025-10-19 10:24:00,0.0,0.0,2.0,2.0,56.0,57.0,1.0,18.0,0.2138,0.1017,0.0025,0.0928
2025-10-19 10:29:00,0.0,0.0,2.0,2.0,41.0,55.0,4.0,12.0,0.194,0.1131,0.0052,0.0273
2025-10-19 10:39:00,0.0,0.0,2.0,2.0,37.0,52.0,3.0,22.0,0.1647,0.111,0.0057,0.1052
2025-10-19 10:44:00,0.0,0.0,2.0,2.0,42.0,44.0,5.0,24.0,0.2328,0.1133,0.1023,0.0556
2025-10-19 10:54:00,0.0,0.0,2.0,2.0,53.0,51.0,1.0,21.0,0.1836,0.1056,0.0027,0.0559
2025-10-19 11:29:00,0.0,0.0,2.0,2.0,53.0,58.0,10.0,20.0,0.2878,0.1183,0.0296,0.0678
2025-10-19 11:54:00,0.0,0.0,2.0,2.0,39.0,51.0,3.0,15.0,0.3213,0.1007,0.015,0.0707
2025-10-19 11:59:00,0.0,0.0,2.0,2.0,29.0,47.0,5.0,23.0,0.1228,0.1176,0.1115,0.0489
2025-10-19 12:19:00,0.0,2.0,2.0,2.0,34.0,13.0,1.0,28.0,0.241,0.0225,0.0067,0.0623
2025-10-19 12:24:00,0.0,0.0,2.0,2.0,43.0,38.0,2.0,12.0,0.2119,0.0832,0.0051,0.0535
2025-10-19 12:34:00,0.0,0.0,2.0,2.0,27.0,52.0,1.0,28.0,0.1393,0.1148,0.0067,0.1087
2025-10-19 12:39:00,0.0,0.0,2.0,2.0,54.0,49.0,1.0,30.0,0.1787,0.1106,0.0014,0.0906
2025-10-19 12:44:00,0.0,0.0,2.0,2.0,55.0,49.0,5.0,24.0,0.2235,0.1241,0.005,0.0623
2025-10-19 13:04:00,0.0,0.0,2.0,2.0,57.0,37.0,1.0,23.0,0.2004,0.0938,0.0008,0.0697
2025-10-19 13:09:00,0.0,2.0,2.0,2.0,59.0,30.0,3.0,14.0,0.2086,0.0779,0.0024,0.0652
2025-10-19 13:19:00,0.0,0.0,2.0,2.0,52.0,38.0,0.0,23.0,0.1761,0.0768,0.0,0.052
2025-10-19 13:24:00,0.0,0.0,2.0,0.0,51.0,36.0,5.0,27.0,0.1499,0.0854,0.0132,0.1142
2025-10-19 13:29:00,0.0,2.0,2.0,2.0,55.0,33.0,4.0,29.0,0.1624,0.0708,0.0072,0.0919
2025-10-19 13:44:00,0.0,0.0,2.0,2.0,49.0,44.0,3.0,19.0,0.2021,0.1047,0.0028,0.0804
2025-10-19 13:59:00,0.0,0.0,2.0,2.0,59.0,35.0,2.0,20.0,0.1753,0.0926,0.0014,0.0982
2025-10-19 14:04:00,0.0,2.0,2.0,2.0,57.0,30.0,3.0,20.0,0.173,0.0749,0.0016,0.1099
2025-10-19 14:19:00,0.0,2.0,2.0,2.0,63.0,18.0,7.0,16.0,0.1593,0.0268,0.0045,0.1172
2025-10-19 14:24:00,0.0,2.0,2.0,2.0,32.0,27.0,1.0,22.0,0.0812,0.0591,0.0032,0.095
2025-10-19 14:29:00,2.0,2.0,2.0,2.0,21.0,21.0,7.0,16.0,0.1325,0.0399,0.0084,0.0436
2025-10-19 14:34:00,2.0,2.0,2.0,2.0,13.0,27.0,2.0,18.0,0.0533,0.0756,0.0019,0.0682
2025-10-19 14:49:00,0.0,0.0,2.0,2.0,51.0,29.0,11.0,21.0,0.1809,0.088,0.0545,0.0649
2025-10-19 14:54:00,0.0,2.0,2.0,0.0,48.0,19.0,5.0,27.0,0.2765,0.0347,0.0191,0.109
2025-10-19 15:04:00,2.0,0.0,2.0,0.0,26.0,44.0,3.0,24.0,0.0886,0.0943,0.1363,0.1123
2025-10-19 15:14:00,0.0,0.0,2.0,2.0,52.0,49.0,6.0,16.0,0.1307,0.1066,0.0208,0.0473
2025-10-19 15:24:00,0.0,0.0,2.0,2.0,41.0,39.0,7.0,10.0,0.1197,0.0844,0.0319,0.0296
2025-10-19 15:29:00,0.0,0.0,2.0,2.0,42.0,48.0,4.0,22.0,0.1193,0.1062,0.0475,0.0556
2025-10-19 15:39:00,0.0,0.0,2.0,2.0,35.0,39.0,5.0,25.0,0.0993,0.1021,0.0365,0.089
2025-10-19 15:44:00,0.0,0.0,2.0,2.0,50.0,38.0,4.0,19.0,0.1542,0.0765,0.0055,0.0659
2025-10-19 15:49:00,0.0,0.0,2.0,2.0,37.0,35.0,12.0,16.0,0.0782,0.098,0.1672,0.0323
2025-10-19 15:54:00,2.0,0.0,2.0,2.0,16.0,41.0,0.0,16.0,0.0385,0.0911,0.0,0.04
2025-10-19 15:59:00,2.0,0.0,2.0,2.0,10.0,44.0,3.0,13.0,0.0261,0.1017,0.0228,0.0492
2025-10-19 16:14:00,2.0,0.0,2.0,2.0,8.0,47.0,4.0,15.0,0.028,0.1106,0.0082,0.0642
2025-10-19 16:19:00,2.0,0.0,2.0,2.0,3.0,47.0,4.0,21.0,0.0114,0.1099,0.0163,0.1046
2025-10-19 16:24:00,2.0,0.0,2.0,2.0,12.0,41.0,8.0,23.0,0.0421,0.0929,0.0201,0.0717
2025-10-19 16:34:00,2.0,0.0,2.0,2.0,15.0,43.0,7.0,20.0,0.0948,0.0976,0.136,0.086
2025-10-19 16:39:00,2.0,0.0,2.0,2.0,11.0,55.0,8.0,23.0,0.0461,0.1268,0.025,0.0607
2025-10-19 16:49:00,2.0,0.0,2.0,2.0,25.0,39.0,8.0,15.0,0.0744,0.1022,0.0085,0.0658
2025-10-19 16:54:00,0.0,2.0,2.0,2.0,30.0,19.0,8.0,17.0,0.0755,0.036,0.0167,0.0538
2025-10-19 16:59:00,0.0,2.0,2.0,2.0,44.0,18.0,6.0,22.0,0.1348,0.037,0.0067,0.0733
2025-10-19 17:09:00,0.0,3.0,3.0,0.0,51.0,14.0,6.0,26.0,0.1852,0.023,0.0363,0.1474
2025-10-19 17:14:00,0.0,3.0,3.0,3.0,46.0,12.0,6.0,17.0,0.1813,0.014,0.0118,0.0438
2025-10-19 17:39:00,0.0,3.0,3.0,3.0,52.0,15.0,2.0,15.0,0.1534,0.082,0.0162,0.0951
2025-10-19 17:54:00,0.0,3.0,3.0,3.0,33.0,11.0,5.0,18.0,0.0975,0.0399,0.0051,0.042
2025-10-19 17:59:00,0.0,3.0,3.0,3.0,53.0,16.0,0.0,17.0,0.1908,0.0355,0.0,0.0828
2025-10-19 18:14:00,0.0,3.0,3.0,3.0,52.0,19.0,4.0,22.0,0.124,0.0324,0.0154,0.0705
2025-10-19 18:24:00,3.0,3.0,3.0,3.0,19.0,7.0,14.0,21.0,0.0413,0.015,0.0567,0.0318
2025-10-19 18:39:00,3.0,3.0,3.0,3.0,16.0,18.0,4.0,26.0,0.0643,0.0504,0.0018,0.0943
2025-10-19 18:44:00,3.0,3.0,3.0,3.0,20.0,22.0,5.0,23.0,0.0567,0.0602,0.0108,0.0622
2025-10-19 18:59:00,3.0,3.0,3.0,3.0,14.0,13.0,7.0,22.0,0.0584,0.0346,0.0213,0.0744
2025-10-19 19:04:00,3.0,3.0,3.0,3.0,14.0,16.0,1.0,17.0,0.0546,0.0353,0.001,0.049
2025-10-19 19:19:00,3.0,3.0,3.0,3.0,7.0,15.0,5.0,2.0,0.0271,0.0352,0.0057,0.0087
2025-10-19 19:24:00,3.0,3.0,3.0,3.0,13.0,2.0,9.0,6.0,0.0904,0.005,0.1061,0.049
2025-10-19 19:49:00,3.0,3.0,3.0,3.0,12.0,8.0,2.0,7.0,0.0288,0.0264,0.0029,0.0597
2025-10-19 20:04:00,3.0,0.0,3.0,3.0,6.0,40.0,1.0,5.0,0.0223,0.0989,0.0031,0.0118
2025-10-19 20:19:00,3.0,3.0,3.0,3.0,10.0,21.0,10.0,3.0,0.0418,0.0331,0.0667,0.0222
2025-10-19 20:24:00,3.0,3.0,3.0,3.0,3.0,11.0,5.0,7.0,0.0103,0.0152,0.0344,0.032
2025-10-19 20:49:00,3.0,3.0,3.0,3.0,10.0,29.0,7.0,3.0,0.0399,0.0611,0.0223,0.0204
2025-10-19 21:09:00,3.0,3.0,3.0,3.0,9.0,23.0,2.0,8.0,0.0298,0.077,0.012,0.1048
2025-10-19 21:14:00,3.0,3.0,3.0,3.0,11.0,16.0,4.0,3.0,0.0612,0.0354,0.0311,0.0332
2025-10-19 21:29:00,3.0,3.0,3.0,3.0,11.0,28.0,7.0,13.0,0.0498,0.082,0.0169,0.0717
2025-10-19 21:34:00,3.0,3.0,3.0,3.0,13.0,21.0,3.0,7.0,0.0377,0.0748,0.002,0.0272
2025-10-19 21:54:00,3.0,3.0,3.0,3.0,4.0,32.0,6.0,3.0,0.0212,0.0835,0.0347,0.0276
2025-10-19 21:59:00,3.0,3.0,3.0,3.0,6.0,36.0,5.0,4.0,0.0145,0.107,0.0128,0.0394
2025-10-19 22:14:00,3.0,3.0,3.0,3.0,0.0,37.0,4.0,1.0,0.0,0.0848,0.0188,0.0021
2025-10-19 22:19:00,3.0,3.0,3.0,3.0,13.0,33.0,7.0,6.0,0.0454,0.0786,0.0365,0.0315
2025-10-19 22:24:00,3.0,3.0,3.0,3.0,12.0,29.0,4.0,3.0,0.0416,0.0799,0.0271,0.0259
2025-10-19 22:34:00,3.0,3.0,3.0,3.0,7.0,27.0,9.0,4.0,0.0183,0.0547,0.018,0.024
2025-10-19 22:39:00,3.0,3.0,3.0,3.0,12.0,30.0,5.0,7.0,0.0364,0.0769,0.0057,0.0622
2025-10-19 22:44:00,3.0,3.0,3.0,3.0,16.0,31.0,4.0,5.0,0.0815,0.0638,0.0241,0.0435
2025-10-19 22:49:00,3.0,3.0,3.0,3.0,13.0,38.0,3.0,1.0,0.0504,0.0823,0.0035,0.0181
2025-10-19 22:54:00,3.0,3.0,3.0,3.0,12.0,34.0,7.0,7.0,0.0442,0.0848,0.0447,0.0421
2025-10-19 23:09:00,3.0,3.0,3.0,3.0,6.0,33.0,3.0,1.0,0.0225,0.0724,0.0049,0.0063
2025-10-19 23:39:00,3.0,3.0,3.0,3.0,8.0,37.0,5.0,4.0,0.0383,0.0988,0.0654,0.0238
2025-10-20 05:09:00,2.0,2.0,2.0,2.0,3.0,8.0,1.0,2.0,0.0101,0.0277,0.0184,0.0116
2025-10-20 05:24:00,2.0,2.0,2.0,2.0,13.0,11.0,2.0,0.0,0.0384,0.0379,0.0029,0.0
2025-10-20 05:49:00,2.0,2.0,2.0,2.0,20.0,2.0,0.0,0.0,0.0672,0.0026,0.0,0.0
2025-10-20 06:09:00,2.0,2.0,2.0,2.0,8.0,14.0,0.0,0.0,0.0433,0.0763,0.0,0.0
2025-10-20 06:29:00,0.0,2.0,2.0,2.0,40.0,18.0,4.0,6.0,0.1939,0.0658,0.0058,0.0632
2025-10-20 06:54:00,0.0,2.0,2.0,0.0,44.0,13.0,3.0,29.0,0.3137,0.0236,0.0008,0.2313
2025-10-20 07:24:00,0.0,2.0,1.0,0.0,52.0,19.0,7.0,34.0,0.3397,0.0483,0.2029,0.2476
2025-10-20 08:39:00,2.0,2.0,2.0,2.0,10.0,22.0,6.0,12.0,0.0635,0.0421,0.0121,0.0376
2025-10-20 08:59:00,0.0,2.0,2.0,2.0,37.0,25.0,5.0,13.0,0.1156,0.0473,0.0117,0.033
2025-10-20 09:49:00,0.0,2.0,2.0,2.0,56.0,13.0,6.0,8.0,0.2152,0.0331,0.0097,0.0099
2025-10-20 10:29:00,2.0,2.0,2.0,2.0,17.0,12.0,8.0,18.0,0.0829,0.024,0.0381,0.06
2025-10-20 10:54:00,2.0,2.0,2.0,2.0,11.0,10.0,2.0,7.0,0.0541,0.0344,0.0031,0.0265
2025-10-20 11:19:00,2.0,2.0,2.0,2.0,18.0,15.0,8.0,3.0,0.0544,0.031,0.0905,0.0439
2025-10-20 11:29:00,2.0,2.0,2.0,2.0,13.0,17.0,5.0,24.0,0.0524,0.0366,0.0164,0.0708
2025-10-20 11:49:00,2.0,2.0,2.0,2.0,13.0,20.0,6.0,15.0,0.0538,0.0581,0.0508,0.0895
2025-10-20 12:49:00,2.0,2.0,2.0,2.0,7.0,9.0,10.0,23.0,0.0196,0.0165,0.0661,0.0698
2025-10-20 14:04:00,2.0,2.0,2.0,0.0,14.0,11.0,4.0,26.0,0.0812,0.0241,0.0539,0.1561
2025-10-20 14:19:00,2.0,2.0,2.0,2.0,16.0,18.0,9.0,25.0,0.0502,0.0444,0.0381,0.057
2025-10-20 15:14:00,2.0,2.0,2.0,2.0,14.0,11.0,5.0,16.0,0.0676,0.0213,0.0237,0.0749
2025-10-20 15:29:00,2.0,2.0,2.0,2.0,15.0,19.0,5.0,15.0,0.077,0.0457,0.0148,0.0404
2025-10-20 16:44:00,3.0,3.0,3.0,3.0,9.0,12.0,2.0,18.0,0.0215,0.0261,0.0026,0.0726
2025-10-20 17:34:00,3.0,3.0,3.0,3.0,4.0,10.0,7.0,13.0,0.0064,0.0246,0.0271,0.1099
2025-10-20 18:59:00,3.0,3.0,3.0,3.0,14.0,14.0,2.0,15.0,0.0491,0.0268,0.0048,0.0393
2025-10-20 20:39:00,3.0,3.0,3.0,3.0,21.0,12.0,8.0,9.0,0.0933,0.0484,0.0532,0.0442
2025-10-20 20:59:00,3.0,3.0,3.0,3.0,9.0,11.0,7.0,8.0,0.0444,0.0246,0.011,0.089
2025-10-20 21:19:00,3.0,3.0,3.0,3.0,4.0,4.0,3.0,10.0,0.043,0.0373,0.0619,0.0606
2025-10-20 21:39:00,3.0,3.0,3.0,3.0,7.0,21.0,2.0,1.0,0.0127,0.0426,0.0364,0.0032
2025-10-20 21:44:00,3.0,3.0,3.0,3.0,15.0,8.0,3.0,5.0,0.073,0.0261,0.1715,0.0204
2025-10-20 21:59:00,3.0,3.0,3.0,3.0,19.0,14.0,7.0,1.0,0.0936,0.0396,0.1072,0.01
2025-10-20 22:14:00,3.0,3.0,3.0,3.0,12.0,24.0,6.0,1.0,0.0476,0.0634,0.0042,0.0008
2025-10-20 22:19:00,3.0,3.0,3.0,3.0,12.0,17.0,1.0,2.0,0.0355,0.0525,0.0021,0.0207
2025-10-20 22:24:00,3.0,3.0,3.0,3.0,17.0,17.0,5.0,3.0,0.0796,0.0457,0.0111,0.0167
2025-10-20 22:39:00,3.0,3.0,3.0,3.0,15.0,18.0,0.0,1.0,0.0687,0.0542,0.0,0.0062
2025-10-20 22:54:00,3.0,3.0,3.0,3.0,15.0,20.0,3.0,2.0,0.0662,0.0474,0.0156,0.0107
2025-10-20 22:59:00,3.0,3.0,3.0,3.0,5.0,6.0,1.0,5.0,0.0181,0.0118,0.0009,0.0193
2025-10-20 23:04:00,3.0,3.0,3.0,3.0,13.0,8.0,5.0,8.0,0.0622,0.0268,0.0719,0.0428
2025-10-20 23:49:00,0.0,3.0,3.0,3.0,29.0,12.0,0.0,1.0,0.1909,0.0198,0.0,0.016
2025-10-21 05:24:00,1.0,1.0,1.0,1.0,10.0,6.0,0.0,1.0,0.0677,0.0143,0.0,0.0064
2025-10-21 05:29:00,1.0,1.0,1.0,1.0,6.0,4.0,0.0,0.0,0.0211,0.0104,0.0,0.0
2025-10-21 05:39:00,0.0,1.0,1.0,1.0,32.0,7.0,1.0,1.0,0.2177,0.0212,0.0022,0.0058
2025-10-21 05:44:00,1.0,1.0,1.0,1.0,15.0,7.0,2.0,4.0,0.1805,0.0198,0.0054,0.0179
2025-10-21 05:49:00,0.0,1.0,1.0,1.0,28.0,8.0,2.0,0.0,0.2159,0.0156,0.0038,0.0
2025-10-21 05:54:00,0.0,1.0,1.0,1.0,24.0,13.0,1.0,1.0,0.2465,0.0413,0.0023,0.0063
2025-10-21 05:59:00,0.0,1.0,1.0,1.0,27.0,18.0,1.0,5.0,0.2213,0.0554,0.0042,0.0566
2025-10-21 06:04:00,0.0,1.0,1.0,1.0,30.0,9.0,6.0,4.0,0.2621,0.0382,0.1438,0.0598
2025-10-21 06:09:00,1.0,1.0,1.0,1.0,25.0,11.0,3.0,4.0,0.1908,0.0292,0.0125,0.0643
2025-10-21 06:14:00,0.0,1.0,1.0,1.0,34.0,9.0,1.0,5.0,0.2083,0.0474,0.0044,0.0126
2025-10-21 06:19:00,0.0,1.0,1.0,1.0,45.0,7.0,1.0,12.0,0.3761,0.0167,0.004,0.0454
2025-10-21 06:24:00,1.0,1.0,1.0,1.0,18.0,11.0,1.0,7.0,0.0942,0.0335,0.0015,0.09
2025-10-21 06:29:00,1.0,1.0,1.0,1.0,21.0,13.0,3.0,13.0,0.1001,0.0398,0.0055,0.1888
2025-10-21 06:39:00,0.0,1.0,1.0,1.0,34.0,17.0,8.0,15.0,0.2171,0.0899,0.0616,0.0674
2025-10-21 06:44:00,0.0,1.0,1.0,1.0,33.0,16.0,5.0,22.0,0.2916,0.0745,0.0111,0.1314
2025-10-21 06:49:00,0.0,1.0,1.0,1.0,41.0,13.0,1.0,30.0,0.2532,0.0463,0.0487,0.1529
2025-10-21 06:54:00,0.0,1.0,1.0,1.0,45.0,17.0,4.0,25.0,0.2967,0.0326,0.0249,0.0769
2025-10-21 07:04:00,0.0,1.0,1.0,1.0,52.0,16.0,2.0,32.0,0.3754,0.0499,0.0276,0.1489
2025-10-21 07:09:00,0.0,1.0,1.0,0.0,47.0,25.0,3.0,20.0,0.2989,0.0939,0.0176,0.2763
2025-10-21 07:19:00,0.0,1.0,1.0,0.0,36.0,26.0,7.0,37.0,0.2396,0.0583,0.058,0.1327
2025-10-21 07:24:00,0.0,1.0,1.0,0.0,42.0,22.0,5.0,35.0,0.2721,0.0567,0.2759,0.1399
2025-10-21 07:29:00,0.0,1.0,1.0,0.0,44.0,23.0,0.0,40.0,0.2958,0.0466,0.0,0.2428
2025-10-21 07:34:00,0.0,1.0,0.0,0.0,52.0,16.0,6.0,35.0,0.3173,0.0349,0.6095,0.1676
2025-10-21 07:44:00,0.0,1.0,1.0,0.0,45.0,31.0,9.0,43.0,0.3114,0.0922,0.01,0.2397
2025-10-21 07:49:00,0.0,1.0,1.0,0.0,51.0,33.0,10.0,44.0,0.2496,0.1099,0.0175,0.2198
2025-10-21 07:54:00,0.0,0.0,1.0,0.0,43.0,41.0,10.0,32.0,0.2483,0.1638,0.0938,0.1948
2025-10-21 08:09:00,1.0,1.0,1.0,0.0,16.0,30.0,6.0,33.0,0.0575,0.121,0.0233,0.1693
2025-10-21 08:29:00,1.0,1.0,1.0,0.0,8.0,33.0,3.0,33.0,0.0303,0.0703,0.0082,0.1594
2025-10-21 08:54:00,1.0,1.0,1.0,0.0,10.0,33.0,11.0,33.0,0.0381,0.0533,0.1228,0.1763
2025-10-21 09:19:00,0.0,0.0,1.0,1.0,24.0,41.0,11.0,27.0,0.2244,0.1123,0.0215,0.0591
2025-10-21 10:19:00,0.0,1.0,1.0,0.0,21.0,32.0,2.0,32.0,0.2153,0.0982,0.0011,0.2545
2025-10-21 11:29:00,1.0,1.0,1.0,1.0,16.0,22.0,5.0,28.0,0.1575,0.069,0.0087,0.1029
2025-10-21 11:54:00,1.0,1.0,1.0,1.0,20.0,20.0,2.0,21.0,0.1875,0.0549,0.0286,0.1106
2025-10-21 12:29:00,1.0,1.0,1.0,1.0,14.0,25.0,2.0,12.0,0.1233,0.053,0.0125,0.1353
2025-10-21 13:44:00,1.0,1.0,1.0,0.0,22.0,20.0,3.0,32.0,0.1044,0.0433,0.0644,0.1066
2025-10-21 15:19:00,0.0,0.0,1.0,0.0,31.0,33.0,10.0,28.0,0.282,0.1015,0.0904,0.1048
2025-10-21 15:44:00,0.0,0.0,1.0,1.0,50.0,43.0,13.0,25.0,0.2506,0.0994,0.0354,0.0967
2025-10-21 16:09:00,0.0,0.0,1.0,1.0,63.0,46.0,4.0,22.0,0.2808,0.1228,0.0026,0.1114
2025-10-21 16:44:00,0.0,0.0,1.0,0.0,56.0,42.0,10.0,32.0,0.3802,0.1404,0.0457,0.1243
2025-10-21 16:49:00,0.0,0.0,1.0,0.0,59.0,45.0,14.0,27.0,0.3362,0.1152,0.0819,0.1029
2025-10-21 16:54:00,0.0,0.0,1.0,0.0,57.0,50.0,12.0,31.0,0.4085,0.1251,0.0218,0.1063
2025-10-21 16:59:00,0.0,0.0,1.0,0.0,49.0,43.0,5.0,35.0,0.3707,0.1354,0.0066,0.1459
2025-10-21 17:05:00,0.0,0.0,3.0,0.0,59.0,51.0,6.0,32.0,0.438,0.179,0.0075,0.1281
2025-10-21 17:09:00,0.0,0.0,3.0,0.0,58.0,46.0,10.0,44.0,0.3606,0.125,0.0156,0.2674
2025-10-21 17:14:00,0.0,0.0,3.0,0.0,47.0,29.0,3.0,33.0,0.3709,0.0846,0.0019,0.1762
2025-10-21 17:19:00,0.0,0.0,3.0,3.0,61.0,47.0,24.0,23.0,0.3859,0.1105,0.0646,0.0878
2025-10-21 17:24:00,0.0,0.0,3.0,0.0,55.0,38.0,6.0,29.0,0.3578,0.1333,0.005,0.1222
2025-10-21 17:29:00,0.0,0.0,3.0,0.0,59.0,46.0,8.0,34.0,0.3845,0.1104,0.0147,0.1382
2025-10-21 17:44:00,0.0,0.0,3.0,0.0,25.0,43.0,4.0,30.0,0.2167,0.1287,0.0163,0.14
2025-10-21 17:49:00,0.0,0.0,3.0,0.0,27.0,41.0,10.0,42.0,0.2478,0.1445,0.0449,0.2587
2025-10-21 17:54:00,0.0,0.0,3.0,0.0,23.0,43.0,11.0,43.0,0.2554,0.1034,0.0207,0.2962
2025-10-21 17:59:00,3.0,0.0,3.0,0.0,15.0,37.0,15.0,38.0,0.1398,0.1625,0.1512,0.2249
2025-10-21 18:04:00,0.0,0.0,3.0,0.0,19.0,44.0,6.0,34.0,0.1762,0.1656,0.0747,0.2099
2025-10-21 18:09:00,0.0,0.0,3.0,0.0,30.0,45.0,3.0,48.0,0.187,0.162,0.01,0.1356
2025-10-21 18:14:00,0.0,0.0,3.0,0.0,34.0,43.0,12.0,33.0,0.191,0.1303,0.0163,0.1692
2025-10-21 18:19:00,3.0,0.0,3.0,0.0,9.0,41.0,5.0,41.0,0.0466,0.0979,0.0036,0.401
2025-10-21 18:24:00,0.0,0.0,3.0,0.0,43.0,35.0,15.0,34.0,0.1579,0.1045,0.0237,0.3516
2025-10-21 18:29:00,0.0,0.0,3.0,0.0,24.0,43.0,6.0,36.0,0.1556,0.1502,0.0314,0.178
2025-10-21 18:34:00,3.0,0.0,3.0,0.0,16.0,43.0,7.0,35.0,0.0843,0.1138,0.0217,0.2266
2025-10-21 18:39:00,3.0,0.0,3.0,0.0,22.0,36.0,18.0,31.0,0.0689,0.1016,0.0316,0.2249
2025-10-21 18:44:00,3.0,0.0,3.0,0.0,22.0,37.0,10.0,40.0,0.1388,0.0844,0.0383,0.2147
2025-10-21 18:49:00,3.0,0.0,3.0,0.0,18.0,45.0,11.0,32.0,0.0561,0.1383,0.0275,0.3382
2025-10-21 18:54:00,3.0,3.0,3.0,0.0,13.0,25.0,8.0,28.0,0.112,0.065,0.0229,0.1644
2025-10-21 18:59:00,3.0,0.0,3.0,0.0,20.0,34.0,15.0,29.0,0.0807,0.0796,0.0985,0.2027
2025-10-21 19:04:00,3.0,3.0,3.0,0.0,20.0,31.0,17.0,23.0,0.0628,0.0907,0.1618,0.1869
2025-10-21 19:09:00,3.0,3.0,3.0,3.0,17.0,29.0,14.0,16.0,0.0688,0.101,0.0267,0.1168
2025-10-21 19:14:00,3.0,0.0,3.0,3.0,14.0,41.0,6.0,18.0,0.0691,0.121,0.0509,0.1072
2025-10-21 19:19:00,3.0,0.0,3.0,3.0,14.0,35.0,12.0,15.0,0.0479,0.0914,0.0762,0.1304
2025-10-21 19:29:00,3.0,3.0,3.0,3.0,22.0,32.0,0.0,1.0,0.0837,0.0937,0.0,0.0414
2025-10-21 19:34:00,3.0,0.0,3.0,3.0,21.0,34.0,3.0,10.0,0.0615,0.1198,0.0465,0.082
2025-10-21 19:39:00,3.0,3.0,3.0,3.0,15.0,27.0,5.0,15.0,0.0836,0.0896,0.0379,0.1528
2025-10-21 19:44:00,3.0,0.0,3.0,3.0,16.0,32.0,1.0,8.0,0.0928,0.1153,0.0013,0.0802
2025-10-21 19:54:00,3.0,0.0,3.0,3.0,11.0,33.0,1.0,12.0,0.0274,0.1069,0.0018,0.0672
2025-10-21 19:59:00,3.0,3.0,3.0,3.0,14.0,28.0,2.0,13.0,0.0614,0.121,0.0178,0.0769
2025-10-21 21:44:00,3.0,3.0,3.0,3.0,12.0,23.0,5.0,2.0,0.0816,0.0548,0.0215,0.0112
2025-10-21 21:49:00,3.0,3.0,3.0,3.0,11.0,24.0,2.0,5.0,0.053,0.0883,0.0343,0.0415
2025-10-21 21:54:00,3.0,3.0,3.0,3.0,22.0,36.0,8.0,7.0,0.121,0.0856,0.0605,0.1152
2025-10-21 21:59:00,0.0,3.0,3.0,3.0,48.0,31.0,6.0,9.0,0.1849,0.0686,0.0349,0.0215
2025-10-21 22:04:00,0.0,3.0,3.0,3.0,42.0,30.0,2.0,3.0,0.1689,0.0747,0.0007,0.0378
2025-10-21 22:09:00,0.0,0.0,3.0,3.0,52.0,41.0,4.0,1.0,0.187,0.1039,0.0329,0.0063
2025-10-21 22:14:00,3.0,0.0,3.0,3.0,32.0,46.0,7.0,2.0,0.1308,0.1405,0.098,0.0291
2025-10-21 22:19:00,3.0,3.0,3.0,3.0,29.0,35.0,3.0,5.0,0.1105,0.0824,0.0257,0.0306
2025-10-21 22:24:00,3.0,3.0,3.0,3.0,13.0,18.0,4.0,6.0,0.073,0.0358,0.0362,0.0469
2025-10-21 22:34:00,3.0,3.0,3.0,3.0,3.0,14.0,8.0,3.0,0.0064,0.0304,0.1129,0.0285
2025-10-21 22:39:00,3.0,3.0,3.0,3.0,12.0,19.0,8.0,9.0,0.077,0.0382,0.0136,0.0696
2025-10-21 22:44:00,3.0,3.0,3.0,3.0,19.0,8.0,0.0,1.0,0.0838,0.0185,0.0,0.0063
2025-10-21 22:59:00,3.0,3.0,3.0,3.0,3.0,34.0,4.0,5.0,0.0258,0.0916,0.0068,0.0682
2025-10-21 23:04:00,3.0,3.0,3.0,3.0,5.0,26.0,4.0,1.0,0.0286,0.1067,0.0187,0.0066
2025-10-21 23:09:00,3.0,3.0,3.0,3.0,6.0,34.0,8.0,0.0,0.0236,0.1105,0.0142,0.0
2025-10-21 23:14:00,3.0,3.0,3.0,3.0,11.0,15.0,4.0,3.0,0.0467,0.0337,0.0903,0.058
2025-10-21 23:24:00,3.0,3.0,3.0,3.0,12.0,15.0,1.0,6.0,0.0476,0.0536,0.0028,0.0855
2025-10-21 23:29:00,3.0,3.0,3.0,3.0,13.0,11.0,1.0,5.0,0.044,0.0365,0.0419,0.0183
2025-10-21 23:39:00,3.0,3.0,3.0,3.0,9.0,8.0,7.0,5.0,0.0321,0.0214,0.0181,0.0162
2025-10-21 23:44:00,3.0,3.0,3.0,3.0,5.0,17.0,1.0,0.0,0.017,0.0419,0.0001,0.0
2025-10-21 23:49:00,3.0,3.0,3.0,3.0,13.0,12.0,2.0,2.0,0.0454,0.0274,0.0119,0.0155
2025-10-22 07:59:00,0.0,0.0,1.0,0.0,52.0,42.0,19.0,43.0,0.3433,0.1348,0.1636,0.204
2025-10-22 08:14:00,0.0,1.0,1.0,0.0,39.0,35.0,8.0,40.0,0.2996,0.1135,0.0105,0.3764
2025-10-22 08:19:00,0.0,0.0,1.0,0.0,43.0,39.0,11.0,39.0,0.364,0.1064,0.0157,0.209
2025-10-22 08:24:00,0.0,0.0,1.0,0.0,33.0,40.0,5.0,37.0,0.2973,0.14,0.0953,0.2618
2025-10-22 08:29:00,0.0,0.0,1.0,0.0,47.0,39.0,11.0,38.0,0.3629,0.1349,0.0643,0.2613
2025-10-22 08:34:00,0.0,0.0,1.0,0.0,37.0,45.0,3.0,42.0,0.3015,0.1464,0.0054,0.2038
2025-10-22 08:39:00,0.0,0.0,1.0,0.0,46.0,45.0,5.0,36.0,0.3908,0.1211,0.1534,0.2374
2025-10-22 08:54:00,0.0,0.0,1.0,0.0,47.0,50.0,8.0,31.0,0.3433,0.1561,0.0103,0.1858
2025-10-22 08:59:00,0.0,0.0,1.0,0.0,52.0,50.0,4.0,41.0,0.3403,0.1391,0.0754,0.212
2025-10-22 09:04:00,0.0,0.0,1.0,1.0,52.0,54.0,12.0,29.0,0.2537,0.1232,0.0579,0.1199
2025-10-22 09:09:00,0.0,0.0,1.0,0.0,42.0,45.0,8.0,38.0,0.1876,0.1175,0.0146,0.2365
2025-10-22 09:14:00,0.0,0.0,1.0,1.0,48.0,45.0,3.0,29.0,0.283,0.1591,0.1595,0.1362
2025-10-22 09:19:00,0.0,0.0,1.0,0.0,47.0,50.0,10.0,30.0,0.3222,0.167,0.1551,0.1561
2025-10-22 09:29:00,0.0,0.0,1.0,0.0,49.0,46.0,4.0,30.0,0.3444,0.1354,0.0033,0.222
2025-10-22 09:39:00,0.0,0.0,1.0,0.0,47.0,44.0,4.0,34.0,0.3722,0.1259,0.0117,0.2183
2025-10-22 09:44:00,0.0,0.0,1.0,1.0,50.0,36.0,8.0,25.0,0.2853,0.1189,0.022,0.0546
2025-10-22 09:59:00,0.0,0.0,1.0,1.0,42.0,42.0,4.0,30.0,0.3145,0.1279,0.0043,0.0779
2025-10-22 10:04:00,0.0,0.0,1.0,1.0,36.0,47.0,3.0,35.0,0.3538,0.1384,0.0268,0.0898
2025-10-22 10:09:00,0.0,0.0,1.0,0.0,28.0,47.0,5.0,36.0,0.3333,0.109,0.0106,0.2651
2025-10-22 10:19:00,0.0,0.0,1.0,0.0,38.0,47.0,9.0,33.0,0.3808,0.1572,0.0871,0.2003
2025-10-22 10:29:00,0.0,0.0,1.0,1.0,28.0,38.0,8.0,21.0,0.333,0.1152,0.0072,0.1186
2025-10-22 10:34:00,0.0,0.0,1.0,1.0,27.0,43.0,2.0,26.0,0.3316,0.1224,0.0021,0.1384
2025-10-22 10:39:00,0.0,0.0,1.0,0.0,43.0,42.0,1.0,29.0,0.3196,0.1158,0.0008,0.1534
2025-10-22 10:44:00,0.0,0.0,1.0,0.0,46.0,45.0,7.0,27.0,0.3856,0.1163,0.0107,0.1961
2025-10-22 10:54:00,0.0,0.0,1.0,1.0,36.0,35.0,9.0,28.0,0.2864,0.1169,0.0818,0.0988
2025-10-22 10:59:00,1.0,1.0,0.0,1.0,21.0,23.0,4.0,33.0,0.1803,0.0578,0.3465,0.0971
2025-10-22 11:04:00,0.0,1.0,1.0,0.0,22.0,15.0,5.0,30.0,0.2669,0.0395,0.0435,0.1653
2025-10-22 11:14:00,0.0,0.0,1.0,1.0,28.0,36.0,5.0,24.0,0.2085,0.129,0.0471,0.1007
2025-10-22 11:30:00,1.0,1.0,1.0,1.0,8.0,35.0,2.0,26.0,0.058,0.0771,0.0034,0.0689
